,OBJECTID,FIELD1,name,Stop_Abbr,Stop_Name,Bus_Stop_Type,Route_S_,Jurisdiction,OBJECTID.1,id,longitude,latitude
0,1,0,100004,100004,JOSEPH E LOWERY BLVD @ BECKWITH ST SW,Sign Strapped to Pole,1;68,Atlanta,,,-84.41759999999994,33.75256900000005
1,2,1,100006,100006,JOSEPH E LOWERY BLVD @ PARSONS ST SW,Sign Strapped to Pole,1;68,Atlanta,,,-84.41776199999998,33.751251000000025
2,3,2,100008,100008,JOSEPH E LOWERY BLVD @ ASHBY GRV SW,Sign on Post,1;68,Atlanta,,,-84.41760399999998,33.75000400000005
3,4,3,100010,100010,JOSEPH E LOWERY BLVD @ FAIR ST SW,Sign Strapped to Pole,1;68,Atlanta,,,-84.41759399999995,33.74921200000006
4,5,4,100012,100012,JOSEPH E LOWERY BLVD SW @ WESTVIEW DR SW,Sign on Post,1;68,Atlanta,,,-84.41761499999996,33.74683300000004
5,6,5,100014,100014,JOSEPH E LOWERY BLVD @ SELLS AVE SW,Shelter,1;68,Atlanta,,,-84.41778399999998,33.74558700000006
6,7,6,100016,100016,WEST END AVE SW @ ASHBY ST SW,Sign on Post,68,Atlanta,,,-84.41724599999998,33.744403000000034
7,8,7,100017,100017,WEST END AVE SW @ WELLBORN ST SW,Sign on Post,68,Atlanta,,,-84.41549899999995,33.74430400000006
8,9,8,100022,100022,W END AVE SW @ ASHBY ST SW,Sign on Post,68,Atlanta,,,-84.41736699999996,33.74457000000007
9,10,9,100024,100024,JOSEPH E LOWERY BLVD @ ATLANTA STUDENT MOVEMENT BLVD,Sign on Post,1;68,Atlanta,,,-84.41733699999997,33.74902400000008
10,11,10,100026,100026,JOSEPH E LOWERY BLVD @ PARSONS ST SW,Sign on Post,1;68,Atlanta,,,-84.41727699999996,33.75063000000006
11,12,11,100028,100028,JOSEPH E LOWERY BLVD @ BECKWITH ST SW,Sign on Post,1;68,Atlanta,,,-84.41732199999996,33.752027000000055
12,13,12,100030,100030,ATLANTA STUDENT MOVEMENT BLVD @ EUHRLEE ST SW,Sign on Post,813,Atlanta,,,-84.41601499999996,33.74926400000004
13,14,13,100032,100032,ATLANTA STUDENT MOVEMENT BLVD @ OGDEN ST SW,Sign on Post,813,Atlanta,,,-84.41680899999994,33.74923600000005
14,15,14,100035,100035,FAIR ST SW @ JOSEPH E LOWERY BLVD,Sign on Post,813,Atlanta,,,-84.41805899999997,33.74898500000006
15,16,15,100036,100036,FAIR ST SW @ ABBOTT ST SW,Sign on Post,813,Atlanta,,,-84.41916699999996,33.74895900000007
16,17,16,100038,100038,FAIR ST SW @ AGNES JONES PL SW,Sign on Post,813,Atlanta,,,-84.42027299999995,33.74898100000007
17,18,17,100040,100040,FAIR ST SW @ JOSE ST SW,Sign on Post,813,Atlanta,,,-84.42169399999995,33.748920000000055
18,19,18,100042,100042,FAIR ST SW @ LAWTON ST SW,Sign on Post,813,Atlanta,,,-84.42313499999995,33.74908800000003
19,20,19,100043,100043,FAIR ST SW @ SAINT JOSE ST SW,Sign on Post,813,Atlanta,,,-84.42172599999998,33.74927200000008
20,21,20,100044,100044,ATLANTA STUDENT MOVEMENT BLVD @ EUHARLEE ST SW,Sign on Post,813,Atlanta,,,-84.41604799999999,33.74919200000005
21,22,21,100045,100045,FAIR ST SW @ AGNES JONES PL SW,Sign on Post,813,Atlanta,,,-84.42046099999999,33.74916200000007
22,23,22,100046,100046,JOSEPH E LOWERY BLVD @ MITCHELL ST SW,Sign on Post,1;68,Atlanta,,,-84.41746599999999,33.75331800000004
23,24,23,100048,100048,JOSEPH E LOWERY BLVD @ MARTIN L KING JR DR,Sign on Post,1;68,Atlanta,,,-84.41734599999995,33.75452400000006
24,25,26,100054,100054,MARTIN LUTHER KING J DR SW @ BURBANK,Sign on Post,3,Atlanta,,,-84.42817399999996,33.75344300000006
25,26,27,100058,100058,HOLDERNESS ST SW @ FAIR ST SW,Sign on Post,813,Atlanta,,,-84.42635099999995,33.74893300000008
26,27,28,100060,100060,FAIR ST SW @ HOLDERNESS ST SW,Sign on Post,813,Atlanta,,,-84.42635299999995,33.74907600000006
27,28,29,100061,100061,HOLDERNESS ST SW @ WESTVIEW DR SW,Sign on Post,813,Atlanta,,,-84.42661099999998,33.747532000000035
28,29,30,100062,100062,HOLDERNESS ST SW @ WESTVIEW DR SW,Sign on Post,813,Atlanta,,,-84.42698699999994,33.74742500000008
29,30,31,100063,100063,WESTVIEW DR SW @ LANGHORN ST SW,Sign on Post,813,Atlanta,,,-84.42799399999996,33.74715400000008
30,31,32,100066,100066,WESTVIEW DR SW @ ATWOOD ST SW,Sign on Post,813,Atlanta,,,-84.42914599999995,33.74719200000004
31,32,33,100067,100067,WESTVIEW DR SW @ HOPKINS ST SW,Sign on Post,813,Atlanta,,,-84.43091599999997,33.747363000000064
32,33,34,100069,100069,WESTVIEW DR SW @ CHICAMAUGA AVE SW,Sign on Post,813,Atlanta,,,-84.43210099999999,33.74737900000002
33,34,35,100070,100070,WESTVIEW DR SW @ CHICAMAUGA AVE SW,Sign on Post,813,Atlanta,,,-84.43264499999998,33.747280000000046
34,35,36,100074,100074,LUCILE AVE SW @ JOSEPH E LOWERY BLVD,Sign on Post,58,Atlanta,,,-84.41813699999994,33.742268000000024
35,36,37,100076,100076,LUCILE AVE SW @ PEEPLES ST SW,Sign on Post,58,Atlanta,,,-84.42033399999997,33.74229400000007
36,37,38,100078,100078,LUCILE AVE SW @ LAWTON ST SW,Sign on Post,58,Atlanta,,,-84.42248899999998,33.742327000000046
37,38,39,100080,100080,LUCILE AVE SW @ LAWTON ST SW,Sign on Post,58,Atlanta,,,-84.42391199999997,33.742364000000066
38,39,40,100082,100082,LUCILE AVE SW @ DARGAN PL SW,Sign on Post,58,Atlanta,,,-84.42513299999996,33.74237800000003
39,40,41,100084,100084,LUCILE AVE SW @ HOPKINS ST SW,Sign on Post,58,Atlanta,,,-84.43047999999999,33.74237000000005
40,41,42,100086,100086,LUCILE AVE SW @ LANGHORN ST SW,Sign on Post,58,Atlanta,,,-84.43229699999995,33.74233600000008
41,42,43,100088,100088,LUCILE AVE SW @ HOPKINS ST SW,Sign on Post,58,Atlanta,,,-84.43040399999995,33.742174000000034
42,43,44,100090,100090,LUCILE AVE SW @ ATWOOD ST SW,Sign on Post,58,Atlanta,,,-84.42885499999994,33.74226200000004
43,44,45,100092,100092,LUCILE AVE SW @ HOLDERNESS ST SW,Sign on Post,58,Atlanta,,,-84.42713799999996,33.74224600000008
44,45,46,100094,100094,LUCILE AVE SW @ DARGAN PL SW,Sign on Post,58,Atlanta,,,-84.42480099999995,33.74225700000005
45,46,47,100096,100096,LUCILE AVE SW @ LAWTON ST SW,Sign on Post,58,Atlanta,,,-84.42336599999999,33.74221300000005
46,47,48,100098,100098,LUCILE AVE SW @ LAWTON ST SW,Sign on Post,58,Atlanta,,,-84.42271399999998,33.74216900000005
47,48,49,100100,100100,LUCILE AVE SW @ PEEPLES ST SW,Sign on Post,58,Atlanta,,,-84.42048399999999,33.741464000000065
48,49,50,100102,100102,LUCILE AVE SW @ ATWOOD ST SW,Sign on Post,58,Atlanta,,,-84.42877099999998,33.742346000000055
49,50,51,100114,100114,JOSEPH E LOWERY BLVD @ SELLS AVE SW,Sign Strapped to Pole,1;68,Atlanta,,,-84.41728999999998,33.745314000000064
50,51,52,100115,100115,JOSEPH E LOWERY BLVD @ WESTVIEW DR SW,Sign on Post,1;68,Atlanta,,,-84.41733399999998,33.74634000000003
51,52,54,100126,100126,MARTIN L KING JR DR NW @ BURBANK DR NW,Sign on Post,3,Atlanta,,,-84.42799999999994,33.75351500000005
52,53,55,100128,100128,MARTIN LUTHER KING J @ STAFFORD ST,Sign on Post,3,Atlanta,,,-84.42652199999998,33.75344400000006
53,54,56,100130,100130,MARTIN L KING JR DR NW @ STAFFORD ST SW,Sign on Post,3,Atlanta,,,-84.42648899999995,33.75351600000005
54,55,57,100132,100132,MARTIN L KING JR DR @ MORRIS BROWN,Sign on Post,3,Atlanta,,,-84.42496799999998,33.753840000000025
55,56,58,100134,100134,MARTIN L KING JR DR NW @ MORRIS BROWN DR SW,Sign on Post,3,Atlanta,,,-84.42501099999998,33.75389300000006
56,57,59,100136,100136,MARTIN LUTHER KING J @ HUNTER PL N,Sign on Post,3,Atlanta,,,-84.42382699999996,33.754395000000045
57,58,60,100137,100137,MARTIN LUTHER KING J DR @ WHITEHOUSE DR,Shelter,3,Atlanta,,,-84.41993999999994,33.75470900000005
58,59,61,100138,100138,MARTIN L KING JR DR NW @ HUNTER PL NW,Sign on Post,3,Atlanta,,,-84.42389199999997,33.75443100000007
59,60,62,100142,100142,MARTIN L KING JR DR NW @ BOOKER ST NW,Sign on Post,3,Atlanta,,,-84.42031099999997,33.75477200000006
60,61,65,100152,100152,FAIR ST SW @ 1ST ST SW,Sign on Post,813,Atlanta,,,-84.42554499999994,33.74890500000004
61,62,66,100154,100154,FAIR ST @ FIRST ST,Sign on Post,813,Atlanta,,,-84.42529799999994,33.74907700000006
62,63,67,100160,100160,FAIR ST SW @ LAWTON ST SW,Sign on Post,813,Atlanta,,,-84.42336999999998,33.749010000000055
63,64,68,100162,100162,FAIR ST @ ABBOTT ST,Sign on Post,813,Atlanta,,,-84.41942599999999,33.74919100000005
64,65,69,100164,100164,MARTIN LUTHER KING J DR @ OLLIE ST,Sign on Post,3,Atlanta,,,-84.42131599999999,33.754747000000066
65,66,70,100166,100166,LUCILE AVE @ HOLDERNESS ST,Sign on Post,58,Atlanta,,,-84.42665799999997,33.74238900000006
66,67,71,100168,100168,FAIR ST SW @ JOSEPH E LOWERY BLVD,Sign on Post,813,Atlanta,,,-84.41816699999998,33.749074000000064
67,68,72,100170,100170,WESTVIEW DR SW @ WESTVIEW PL,Sign on Post,813,Atlanta,,,-84.43465599999996,33.74744000000004
68,69,73,101002,101002,LEE ST SW @ W END AV SW,Sign on Post,68,Atlanta,,,-84.41400899999996,33.74425300000007
69,70,74,101006,101006,LEE ST SW @ NORCROSS ST SW,Sign on Post,68,Atlanta,,,-84.41377599999998,33.74333800000005
70,71,75,101008,101008,W END AVE SW @ WELLBORN ST SW,Sign on Post,68,Atlanta,,,-84.41527099999996,33.74454700000007
71,72,76,101010,101010,PETERS ST SW @ HAYNES ST SW,Sign on Post,813,Atlanta,,,-84.39978499999995,33.74924100000004
72,73,77,101016,101016,ATLANTA STUDENT MOVEMENT BLVD @ WALNUT ST SW,Sign on Post,813,Atlanta,,,-84.40651399999996,33.74918200000008
73,74,78,101022,101022,ATLANTA STUDENT MOVEMENT BLVD @ LAWSHE ST SW,Sign on Post,813,Atlanta,,,-84.41031199999998,33.749397000000044
74,75,79,101024,101024,ATLANTA STUDENT MOVEMENT BLVD @ JAMES P BRAWLEY DR SW,Sign on Post,813,Atlanta,,,-84.41259899999994,33.74955600000004
75,76,80,101026,101026,ATLANTA STUDENT MOVEMENT BLVD @ MILTON ST SW,Sign on Post,813,Atlanta,,,-84.41427099999999,33.74945700000006
76,77,81,101030,101030,PETERS ST SW @ FAIR ST SW,Sign on Post,813,Atlanta,,,-84.40116099999995,33.74808500000006
77,78,82,101036,101036,ATLANTA STUDENT MOVEMENT BLVD @ WALNUT ST SW,Sign on Post,813,Atlanta,,,-84.40657799999997,33.74902000000003
78,79,83,101040,101040,ATLANTA STUDENT MOVEMENT BLVD @ ELM ST SW,Sign on Post,813,Atlanta,,,-84.40932499999997,33.74919100000005
79,80,84,101042,101042,ATLANTA STUDENT MOVEMENT BLVD @ JOHN HOPE DR SW,Sign on Post,813,Atlanta,,,-84.41065099999997,33.74919200000005
80,81,85,101044,101044,ATLANTA STUDENT MOVEMENT BLVD @ JAMES P BRAWLEY DR SW,Sign on Post,813,Atlanta,,,-84.41308599999996,33.749168000000054
81,82,86,101046,101046,ATLANTA STUDENT MOVEMENT BLVD @ MILTON ST SW,Sign on Post,813,Atlanta,,,-84.41459699999996,33.74914600000005
82,83,87,101069,101069,MARTIN L KING JR DR @ JOSEPH E LOWERY BLVD,Sign Strapped to Pole,3,Atlanta,,,-84.41773899999998,33.75467800000007
83,84,88,101092,101092,WHITEHALL ST SW @ SPRING ST SW,Sign on Post,40,Atlanta,,,-84.39904599999994,33.74608000000006
84,85,89,101096,101096,WHITEHALL ST SW @ TED TURNER DR SW,Sign on Post,40,Atlanta,,,-84.39900299999994,33.74586800000003
85,86,90,101098,101098,WHITEHALL ST SW @ 385,Sign on Post,40,Atlanta,,,-84.40055899999999,33.74530500000003
86,87,91,101100,101100,WHITEHALL ST SW @ 400,Bench,40,Atlanta,,,-84.40064299999995,33.745123000000035
87,88,92,101104,101104,WHITEHALL ST SW @ WHITEHALL TERR SW,Sign on Post,40,Atlanta,,,-84.40298999999999,33.744147000000055
88,89,93,101108,101108,MCDANIEL ST SW @ FULTON ST SW,Bench,40,Atlanta,,,-84.40294199999994,33.74130200000008
89,90,94,101110,101110,WHITEHALL ST SW @ WHITEHALL TER SW,Sign on Post,40,Atlanta,,,-84.40292699999998,33.74400200000008
90,91,95,101124,101124,PETERS ST SW @ FAIR ST SW,Sign on Post,813,Atlanta,,,-84.40121899999997,33.747851000000026
91,92,96,101126,101126,PETERS ST SW @ HAYNES ST SW,Sign on Post,813,Atlanta,,,-84.39974999999998,33.74907500000006
92,93,97,101133,101133,MARTIN L KING JR DR NW @ PASCHAL BLVD SW,Shelter,3;68,Atlanta,,,-84.41429299999999,33.75477900000004
93,94,98,101135,101135,NORTHSIDE DR @ LARKIN ST,Sign on Post,94;813,Atlanta,,,-84.40515399999998,33.74805500000008
94,95,99,101137,101137,NORTHSIDE DR SW @ GREENSFERRY AVE SW,Shelter,94,Atlanta,,,-84.40679399999999,33.74608400000005
95,96,100,101139,101139,MARTIN L KING JR DR @ PASCHAL BLVD SW,Sign on Post,3,Atlanta,,,-84.41440199999994,33.75460900000007
96,97,101,101144,101144,MARTIN L KING JR DR @ SUNSET AVE,Shelter,3,Atlanta,,,-84.41025099999996,33.75450600000005
97,98,102,101156,101156,NORTHSIDE DR SW @ MITCHELL ST SW,Shelter,94,Atlanta,,,-84.40284499999996,33.75392800000003
98,99,103,101162,101162,NORTHSIDE DR SW @ CHAPEL ST SW,Sign on Post,94,Atlanta,,,-84.40325499999994,33.75086700000003
99,100,104,101165,101165,NORTHSIDE DR SW @ ATLANTA STUDENT MOVEMENT BLVD SW,Sign on Post,94,Atlanta,,,-84.40434899999997,33.74939600000005
100,101,105,101166,101166,NORTHSIDE DR SW @ NELSON ST SW,Sign Strapped to Pole,94,Atlanta,,,-84.40321099999994,33.75067900000005
101,102,106,101168,101168,MARTIN L KING JR DR @ JAMES P BRAWLEY  DR SW,Sign on Post,3,Atlanta,,,-84.41282499999994,33.754673000000025
102,103,107,101446,101446,MARTIN L KING JR DR @ GRIFFIN ST,Sign on Post,3,Atlanta,,,-84.41152299999999,33.75453600000003
103,104,108,101448,101448,MARTIN L KING JR DR NW @ SUNSET AVE NW,Sign on Post,3,Atlanta,,,-84.40992299999994,33.75473800000003
104,105,109,101460,101460,MCDANIEL ST SW @ WHITEHALL ST SW,Shelter,40,Atlanta,,,-84.40376999999995,33.74345800000003
105,106,110,101464,101464,MARTIN L KING JR DR NW @ JAMES P BRAWLEY DR NW,Sign on Post,3,Atlanta,,,-84.41262999999998,33.75473600000004
106,107,111,101466,101466,MARTIN L KING JR DR NW @ JOSEPH E LOWERY BLVD NW,Sign on Post,3,Atlanta,,,-84.41739099999995,33.754759000000035
107,108,112,101468,101468,W END AVE @ LEE ST,Sign on Post,68,Atlanta,,,-84.41434199999998,33.74460700000003
108,109,113,102005,102005,MEMORIAL DR SE @ CAPITOL AVE,Sign Strapped to Pole,21,Atlanta,,,-84.38672699999995,33.746845000000064
109,110,114,102009,102009,MEMORIAL DR SE @ HILL ST SE,Simme Seat,9;21;107,Atlanta,,,-84.37888199999998,33.74679200000003
110,111,115,102011,102011,HILL ST SE @ WOODWARD AVE SE,Sign on Post,9,Atlanta,,,-84.37932399999994,33.74566200000004
111,112,116,102022,102022,PEACHTREE ST SW @ MITCHELL ST SW,Sign Strapped to Pole,40,Atlanta,,,-84.39305699999994,33.75078700000006
112,113,117,102026,102026,PRYOR ST SW @ MEMORIAL DR SW,Sign Strapped to Pole,42,Atlanta,,,-84.39436999999998,33.74720200000007
113,114,118,102028,102028,PRYOR ST SW @ GARNETT ST SW,Sign Strapped to Pole,42,Atlanta,,,-84.39368599999995,33.74808900000005
114,115,120,102044,102044,DECATUR ST SE @ COLLINS ST SE,Sign Strapped to Pole,26,Atlanta,,,-84.38644899999997,33.75230000000005
115,116,121,102046,102046,DECATUR ST @ PIEDMONT AVE,Sign Strapped to Pole,26,Atlanta,,,-84.38494499999996,33.75143000000003
116,117,122,102052,102052,PRYOR ST SW @ ALICE ST SW,Sign on Post,42,Atlanta,,,-84.39453999999995,33.74293300000005
117,118,123,102053,102053,PRYOR ST SW @ FULTON ST SW,Sign on Post,42,Atlanta,,,-84.39454999999998,33.742020000000025
118,119,124,102054,102054,CENTRAL AVE SW @ ALICE ST SW,Shelter,42,Atlanta,,,-84.39332199999996,33.742935000000045
119,120,125,102074,102074,FORSYTH ST SW @ TRINITY AVE SW,Sign on Post,3;813,Atlanta,,,-84.39517699999999,33.75058500000006
120,121,126,102078,102078,TRINITY AVE SW @ TED TURNER DR SW,Sign Strapped to Pole,813,Atlanta,,,-84.39626399999997,33.75051300000007
121,122,127,102110,102110,WINDSOR ST SW @ EUGENIA ST SW,Sign on Post,49,Atlanta,,,-84.39838199999997,33.74306800000005
122,123,128,102112,102112,WINDSOR ST SW @ FULTON ST SW,Sign on Post,49,Atlanta,,,-84.39837999999997,33.741990000000044
123,124,129,102124,102124,AUBURN AVE NE @ PIEDMONT AVE NE,Sign Strapped to Pole,3,Atlanta,,,-84.38225499999999,33.75550700000008
124,125,131,102170,102170,DECATUR ST SE @ PIEDMONT AVE SE,Sign Strapped to Pole,26,Atlanta,,,-84.38566599999996,33.751540000000034
125,126,132,102172,102172,DECATUR ST SE @ BELL ST SE,Sign on Post,26,Atlanta,,,-84.38031599999994,33.74979700000006
126,127,133,102173,102173,DECATUR ST SE @ JESSE HILL JR DR SE,Shelter,26,Atlanta,,,-84.38428499999998,33.75060000000008
127,128,134,102174,102174,DECATUR ST SE @ PRATT ST SE,Sign on Post,26,Atlanta,,,-84.38291399999997,33.74989400000004
128,129,135,102178,102178,EDGEWOOD AVE SE @ COURTLAND ST SE,Sign Strapped to Pole,3,Atlanta,,,-84.38418999999999,33.75453900000008
129,130,136,102180,102180,EDGEWOOD AVE @ PEACHTREE CENTER AVE,Sign Strapped to Pole,3,Atlanta,,,-84.38616899999994,33.75451300000003
130,131,137,102222,102222,WINDSOR ST SW @ EUGENIA ST SW,Sign on Post,49,Atlanta,,,-84.39806399999998,33.74309800000003
131,132,138,102224,102224,WINDSOR ST SW @ FULTON ST SW,Sign on Post,49,Atlanta,,,-84.39811999999995,33.74169000000006
132,133,139,102226,102226,MARIETTA ST NW @ BROAD ST (FIVE POINTS STATION),Sign Strapped to Pole,26,Atlanta,,,-84.39065899999997,33.75499200000007
133,134,140,102228,102228,DECATUR ST @ KIMBALL WAY,Bench,26;813,Atlanta,,,-84.38858099999999,33.75359700000007
134,135,141,102252,102252,CAPITOL AVE SE @ POLLARD BLVD SW,Bench,55,Atlanta,,,-84.38769299999996,33.74272400000007
135,136,143,102282,102282,DECATUR ST SE @ COLLINS ST SE,Sign Strapped to Pole,26;813,Atlanta,,,-84.38660199999998,33.75228200000004
136,137,144,102294,102294,FORSYTH ST @ MARTIN L KING JR DR,Sign Strapped to Pole,813,Atlanta,,,-84.39359199999996,33.75254700000005
137,138,145,102298,102298,AUBURN AVE @ EQUITABLE PL NE,Sign on Post,3,Atlanta,,,-84.38762599999995,33.755584000000056
138,139,146,102308,102308,PEACHTREE ST @ DECATUR ST,Sign Strapped to Pole,3;40,Atlanta,,,-84.38981299999995,33.754203000000075
139,140,147,102310,102310,PEACHTREE ST NE @ EDGEWOOD AVE SE,Sign Strapped to Pole,40,Atlanta,,,-84.38963699999994,33.75463700000006
140,141,148,102530,102530,DECATUR ST @ 263,Sign on Post,26,Atlanta,,,-84.38108799999998,33.749743000000024
141,142,150,102544,102544,PRYOR ST @ RAWSON ST,Sign on Post,42,Atlanta,,,-84.39451999999994,33.74460600000003
142,143,151,102546,102546,CENTRAL AVE @ PULLIAM ST,Sign on Post,42,Atlanta,,,-84.39321799999999,33.74398400000007
143,144,152,102554,102554,TED TURNER DR SW @ BROTHERTON ST SW,Sign Strapped to Pole,49,Atlanta,,,-84.39812299999994,33.749164000000064
144,145,153,102558,102558,AUBURN AVE @ COURTLAND ST,Sign Strapped to Pole,3,Atlanta,,,-84.38401699999997,33.75552400000004
145,146,154,103024,103024,MEMORIAL DR SE @ MARTIN ST SE,Sign on Post,21,Atlanta,,,-84.38372399999997,33.74698600000005
146,147,155,103026,103026,MEMORIAL DR SE @ FRASER ST SE,Sign Strapped to Pole,21;107,Atlanta,,,-84.38634699999994,33.746965000000046
147,148,156,103032,103032,JACKSON ST SE @ LUCY ST,Sign on Post,899,Atlanta,,,-84.37412199999994,33.75235100000003
148,149,157,103034,103034,JACKSON ST SE @ DECATUR ST SE,Sign on Post,899,Atlanta,,,-84.37363099999999,33.75072200000005
149,150,158,103052,103052,AUBURN AVE NE @ JESSE HILL JR DR NE,Sign Strapped to Pole,3,Atlanta,,,-84.37996199999998,33.755472000000054
150,151,159,103060,103060,BOULEVARD NE @ OLD WHEAT ST NE,Sign on Post,809,Atlanta,,,-84.37207999999998,33.755851000000064
151,152,160,103083,103083,HILL ST SE @ WOODWARD AVE SE,Sign on Post,9,Atlanta,,,-84.37924799999996,33.74552800000004
152,153,161,103092,103092,MEMORIAL DR SE @ BEREAN AVE SE,Sign on Post,21;107,Atlanta,,,-84.36648299999996,33.74674300000004
153,154,162,103094,103094,MEMORIAL DR SE @ CAMERON ST SE,Sign on Post,21;107,Atlanta,,,-84.36511399999995,33.74660300000005
154,155,163,103100,103100,MEMORIAL DR SE @ PARK AVE SE,Sign on Post,21;107,Atlanta,,,-84.36934999999994,33.74665100000004
155,156,164,103108,103108,DECATUR ST SE @ HILL ST,Sign on Post,26,Atlanta,,,-84.37973999999997,33.749681000000066
156,157,165,103134,103134,MARIETTA ST NW @ PEACHTREE ST,Bench,26;813,Atlanta,,,-84.39007099999998,33.75439300000005
157,158,167,103162,103162,AUBURN AVE NE @ HILLIARD ST NE,Sign Strapped to Pole,3,Atlanta,,,-84.37661299999996,33.75544700000006
158,159,168,103168,103168,MEMORIAL DR @ PARK AVE,Sign on Post,21;107,Atlanta,,,-84.37014599999998,33.746777000000066
159,160,169,103169,103169,MEMORIAL DR SE @ HILL ST SE,Sign on Post,21;107,Atlanta,,,-84.38018599999998,33.74694800000003
160,161,170,103170,103170,MEMORIAL DR @ GRANT ST,Sign on Post,9;21;107,Atlanta,,,-84.37704799999995,33.74689200000006
161,162,171,103193,103193,JACKSON ST SE @ CHAMBERLAIN ST SE,Sign on Post,899,Atlanta,,,-84.37426399999998,33.75375600000007
162,163,172,103196,103196,AUBURN AVE @ WILLIAM H BORDERS SR DR,Sign Strapped to Pole,3,Atlanta,,,-84.37516699999998,33.75546500000007
163,164,173,103198,103198,MEMORIAL DR @ GRANT ST SE,Bench,21;107,Atlanta,,,-84.37594399999995,33.74675700000006
164,165,174,103200,103200,GRANT ST @ MEMORIAL DR,Sign on Post,9,Atlanta,,,-84.37669499999998,33.74701500000003
165,166,175,103202,103202,MEMORIAL DR @ CHEROKEE AVE,Sign on Post,21;107,Atlanta,,,-84.37318199999999,33.74671300000006
167,168,177,104012,104012,MORELAND AVE SE @ SANDERS AVE SE,Shelter,4;32;74,Atlanta,,,-84.34926699999994,33.74194800000004
168,169,178,104013,104013,MORELAND AVE SE @ GLENWOOD AVE,Sign on Post,4,Atlanta,,,-84.34940299999994,33.74062300000003
169,170,179,104048,104048,MEMORIAL DR SE @ MORELAND AVE SE,Bench,21,Atlanta,,,-84.34854099999995,33.747641000000044
170,171,180,104050,104050,MEMORIAL DR SE @ MORELAND AVE SE,Bench,21,Atlanta,,,-84.34826899999996,33.74757000000005
171,172,181,104052,104052,MEMORIAL DR SE @ FLAT SHOALS AVE SE,Sign on Post,21,Atlanta,,,-84.35037199999994,33.74742500000008
172,173,182,104054,104054,MEMORIAL DR SE @ HOWELL DR SE,Sign on Post,21,Atlanta,,,-84.35068199999995,33.74723800000004
173,174,183,104056,104056,MEMORIAL DR SE @ WILBUR AVE SE,Sign on Post,21,Atlanta,,,-84.35255399999994,33.74702800000006
174,175,184,104058,104058,MEMORIAL DR SE @ WILBUR AVE SE,Sign on Post,21,Atlanta,,,-84.35304299999996,33.74665100000004
175,176,185,104064,104064,MEMORIAL DR SE @ GIBSON ST SE,Sign on Post,21,Atlanta,,,-84.35537799999997,33.74646700000005
176,177,186,104066,104066,MEMORIAL DR SE @ HOLTZCLAW ST SE,Simme Seat,21,Atlanta,,,-84.35657499999996,33.74671900000004
177,178,187,104068,104068,MEMORIAL DR SE @ BILL KENNEDY WAY SE,Shelter,21,Atlanta,,,-84.35802299999995,33.74664500000006
178,179,188,104070,104070,MEMORIAL DR SE @ BILL KENNEDY WAY,Shelter,21;107,Atlanta,,,-84.35849699999994,33.746556000000055
179,180,189,104076,104076,MEMORIAL DR SE @ PEARL ST SE,Shelter,21;107,Atlanta,,,-84.36193499999996,33.746695000000045
180,181,190,104078,104078,MEMORIAL DR SE @ PEARL ST SE,Sign on Post,21;107,Atlanta,,,-84.36179099999998,33.74659100000002
181,182,191,104436,104436,MEMORIAL DR SE @ VENICE DR,Sign on Post,21;823,DeKalb,,,-84.28604699999994,33.747217000000035
182,183,192,105002,105002,FLAT SHOALS AVE SE @ MAY AVE SE,Sign on Post,32;74,Atlanta,,,-84.34404899999998,33.73905800000006
183,184,193,105004,105004,FLAT SHOALS AVE SE @ MILTON PL SE,Sign on Post,32;74,Atlanta,,,-84.34177699999998,33.73614900000007
184,185,194,105006,105006,FLAT SHOALS AVE SE @ EAST SIDE AVE,Sign on Post,32;74,Atlanta,,,-84.34020999999996,33.73385200000007
185,186,197,105038,105038,GLENWOOD AVE SE @ MAYNARD TER SE,Sign on Post,107,Atlanta,,,-84.33488599999998,33.739963000000046
186,187,198,105040,105040,GLENWOOD AVE SE @ CLIFTON ST SE,Sign on Post,107,Atlanta,,,-84.33230999999995,33.73991900000004
187,188,199,105042,105042,GLENWOOD AVE SE @ WINTHROP DR SE,Sign on Post,107,Atlanta,,,-84.33064699999994,33.73987400000004
188,189,200,105044,105044,GLENWOOD AVE SE @ HOWARD ST SE,Sign on Post,107,DeKalb,,,-84.32639999999998,33.73968000000008
189,190,201,105074,105074,GLENWOOD AVE SE @ WINTHROP DR SE,Sign on Post,107,Atlanta,,,-84.33007099999998,33.73992800000008
190,191,202,105075,105075,GLENWOOD AVE SE @ CLIFTON ST SE,Sign on Post,107,Atlanta,,,-84.33255999999994,33.739990000000034
191,192,203,105076,105076,GLENWOOD AVE SE @ MAYNARD TER SE,Sign on Post,107,Atlanta,,,-84.33477799999997,33.740035000000034
192,193,208,105118,105118,FLAT SHOALS AVE SE @ EAST SIDE AVE,Sign on Post,32;74,Atlanta,,,-84.33999399999999,33.73380400000008
193,194,209,105120,105120,FLAT SHOALS AVE SE @ VAN EPPS AVE SE,Sign on Post,32;74,Atlanta,,,-84.34200499999997,33.73674900000003
194,195,210,105122,105122,FLAT SHOALS AVE SE @ NEWTON AVE SE,Sign on Post,32;74,Atlanta,,,-84.34247599999998,33.73761700000006
195,196,211,105124,105124,BOULDERCREST DR SE @ PIPER CIR SE,Sign on Post,32,Atlanta,,,-84.33314999999999,33.726860000000045
196,197,212,105126,105126,BOULDERCREST DR SE @ STALLINGS AVE SE,Sign on Post,32,Atlanta,,,-84.33363499999996,33.727843000000064
197,198,213,105130,105130,BOULDERCREST DR SE @ FLAT SHOALS RD SE,Simme Seat,32,Atlanta,,,-84.33639599999998,33.73070800000005
198,199,214,105152,105152,FLAT SHOALS AVE SE @ NEWTON AVE SE,Sign on Post,32;74,Atlanta,,,-84.34284199999996,33.73806500000006
199,200,215,105158,105158,FLAT SHOALS AVE SE @ CAVANAUGH AVE SE,Sign on Post,32;74,Atlanta,,,-84.33721099999997,33.731236000000024
200,201,216,105160,105160,BOULDERCREST DR SE @ FLAT SHOALS RD SE,Sign on Post,32,Atlanta,,,-84.33572399999997,33.72995000000003
201,202,217,105161,105161,BOULDERCREST DR SE @ WINFIELD AVE SE,Sign on Post,32,Atlanta,,,-84.33417999999995,33.72902000000005
202,203,218,105162,105162,BOULDERCREST DR SE @ BLACK OAK DR SE,Sign on Post,32,Atlanta,,,-84.33449999999993,33.72911000000005
203,204,219,105164,105164,BOULDERCREST DR SE @ STALLINGS AVE SE,Sign on Post,32,Atlanta,,,-84.33391799999998,33.72779500000007
204,205,220,105166,105166,BOULDERCREST DR SE @ WILLOW PL SE,Sign on Post,32,Atlanta,,,-84.33356999999995,33.72709000000003
205,206,221,105172,105172,HOSEA L WILLIAMS DR @ LAKEVIEW DR NE,Sign on Post,24,Atlanta,,,-84.31422199999997,33.75112500000006
206,207,222,105174,105174,HOSEA L WILLIAMS DR NE @ ROCKYFORD RD NE,Sign on Post,24,Atlanta,,,-84.31610099999995,33.75114400000007
207,208,223,105176,105176,HOSEA L WILLIAMS DR NE @ BATES AVE NE,Sign on Post,24,Atlanta,,,-84.31738999999999,33.75114400000007
208,209,224,105178,105178,HOSEA L WILLIAMS DR NE @ BRANHAM ST NE,Sign on Post,24,Atlanta,,,-84.31872299999998,33.751161000000025
209,210,225,105180,105180,HOSEA L WILLIAMS DR NE @ NORWOOD AVE NE,Sign on Post,24,Atlanta,,,-84.32014499999997,33.751171000000056
210,211,226,105182,105182,HOSEA L WILLIAMS DR @ KIRKWOOD RD,Shelter,24,Atlanta,,,-84.32153299999999,33.751175000000046
211,212,227,105184,105184,HOSEA L WILLIAMS DR @ DOYLE ST SE,Sign on Post,24,Atlanta,,,-84.32472199999995,33.75272000000007
212,213,228,105186,105186,HOSEA L WILLIAMS DR @ WARREN ST NE,Sign on Post,24,Atlanta,,,-84.32580599999994,33.753239000000065
213,214,229,105188,105188,HOSEA L WILLIAMS DR @ ROGERS ST NE,Shelter,24,Atlanta,,,-84.32902799999994,33.753390000000024
214,215,230,105190,105190,HOSEA L WILLIAMS DR NE @ CLAY ST NE,Sign on Post,24,Atlanta,,,-84.33033299999994,33.753390000000024
215,216,231,105192,105192,HOSEA L WILLIAMS DR @ CLIFTON ST NE,Sign on Post,24,Atlanta,,,-84.33161599999994,33.75339900000006
216,217,232,105194,105194,HOSEA L WILLIAMS DR @ WYMAN ST NE,Sign on Post,24,Atlanta,,,-84.33300699999995,33.75340800000004
217,218,236,105208,105208,HOSEA L WILLIAMS DR @ HOWARD ST NE,Sign on Post,24,Atlanta,,,-84.32342499999999,33.75198400000005
218,219,237,105210,105210,MEMORIAL DR SE @ TRENTON ST SE,Sign on Post,21,Atlanta,,,-84.34585499999997,33.74755200000004
219,220,238,105212,105212,MEMORIAL DR SE @ HAAS AVE SE,Sign on Post,21,Atlanta,,,-84.34438799999998,33.74753500000003
220,221,239,105214,105214,MEMORIAL DR SE @ PATTERSON AVE SE,Sign on Post,21,Atlanta,,,-84.34324699999996,33.74753500000003
221,222,241,105218,105218,MEMORIAL DR SE @ DOUGLAS ST SE,Sign on Post,21,Atlanta,,,-84.31988599999994,33.74731300000008
222,223,242,105220,105220,MEMORIAL DR SE @ 2154,Sign on Post,21,Atlanta,,,-84.31725499999999,33.747295000000065
223,224,243,105222,105222,MEMORIAL DR SE @ WATSON CIR,Sign on Post,21,Atlanta,,,-84.31542899999994,33.74729400000007
224,225,245,105228,105228,MEMORIAL DR SE @ WILKINSON DR SE,Simme Seat,21,DeKalb,,,-84.32853899999998,33.74744700000008
225,226,246,105232,105232,MEMORIAL DR SE @ CLIFTON ST SE,Shelter,21,Atlanta,,,-84.33158099999997,33.747524000000055
226,227,252,105246,105246,MEMORIAL DR SE @ PATTERSON AVE SE,Sign on Post,21,Atlanta,,,-84.34318499999995,33.74764300000004
227,228,253,105250,105250,MEMORIAL DR SE @ DAHLGREEN ST SE,Sign on Post,21,Atlanta,,,-84.34532899999994,33.74761200000006
228,229,254,105251,105251,GLENWOOD AVE SE @ TERRY MILL RD SE,Sign on Post,107,DeKalb,,,-84.32211499999994,33.73966800000005
229,230,255,105252,105252,GLENWOOD AVE SE @ LOMITA RD,Sign on Post,107,Atlanta,,,-84.32063699999998,33.739910000000066
230,231,256,105254,105254,GLENWOOD AVE SE @ LOMITA RD SE,Sign on Post,107,Atlanta,,,-84.32069399999995,33.74001700000008
231,232,257,105260,105260,GLENWOOD AVE SE @ EVA DAVIS WAY,Bench,107,Atlanta,,,-84.31403799999998,33.74000200000006
232,233,258,105264,105264,GLENWOOD AVE SE @ EVA DAVIS WAY,Shelter,24;107,Atlanta,,,-84.31386499999996,33.740196000000026
233,234,259,105302,105302,LA FRANCE ST @ WHITEFOORD AVE,Sign on Post,102,Atlanta,,,-84.34253199999995,33.760443000000066
234,235,260,105339,105339,MEMORIAL DR SE @ S HOWARD ST,Sign on Post,21,DeKalb,,,-84.32355999999999,33.74740200000008
235,236,261,105349,105349,GLENWOOD AVE SE @ HOWARD ST SE,Bench,107,DeKalb,,,-84.32635399999998,33.73983800000008
236,237,264,105376,105376,HOSEA L WILLIAMS DR @ WYMAN ST SE,Sign on Post,24,Atlanta,,,-84.33316999999994,33.753345000000024
237,238,265,105378,105378,HOSEA L WILLIAMS DR @ CLIFTON ST NE,Sign on Post,24,Atlanta,,,-84.33158299999997,33.75332800000007
238,239,266,105380,105380,HOSEA L WILLIAMS DR @ CLAY ST NE,Sign on Post,24,Atlanta,,,-84.33041999999995,33.75332800000007
239,240,267,105382,105382,HOSEA L WILLIAMS DR @ ROGERS ST SE,Sign on Post,24,Atlanta,,,-84.32926799999996,33.75331900000003
240,241,268,105383,105383,HOSEA L WILLIAMS DR SE @ WARREN ST SE,Shelter,24,Atlanta,,,-84.32656099999997,33.75330100000008
241,242,269,105384,105384,HOSEA L WILLIAMS DR @ DOYLE ST SE,Sign on Post,24,Atlanta,,,-84.32434299999994,33.75241500000004
242,243,270,105386,105386,HOSEA L WILLIAMS DR @ HOWARD ST SE,Sign Strapped to Pole,24,Atlanta,,,-84.32285399999995,33.75146600000005
243,244,271,105390,105390,HOSEA L WILLIAMS DR NE @ NORWOOD AVE NE,Sign on Post,24,Atlanta,,,-84.32066899999995,33.75109000000003
244,245,272,105392,105392,HOSEA L WILLIAMS DR NE @ BATES AVE SE,Sign on Post,24,Atlanta,,,-84.31770099999994,33.75107200000008
245,246,273,105394,105394,HOSEA L WILLIAMS DR @ ROCKYFORD RD SE,Sign on Post,24,Atlanta,,,-84.31664099999995,33.75106100000005
246,247,274,105396,105396,HOSEA L WILLIAMS DR NE @ LAKEVIEW DR SE,Sign on Post,24,Atlanta,,,-84.31431999999995,33.751036000000056
247,248,278,105422,105422,MEMORIAL DR SE @ CLIFTON ST SE,Sign on Post,21,Atlanta,,,-84.33192999999994,33.74742900000007
248,249,279,105426,105426,MEMORIAL DR SE @ WILKINSON DR SE,Sign on Post,21,Atlanta,,,-84.32872799999996,33.74725300000006
249,250,280,105428,105428,MEMORIAL DR SE @ WARREN ST SE,Shelter,21,DeKalb,,,-84.32632099999995,33.747366000000056
250,251,281,105430,105430,MEMORIAL DR SE @ ELEANOR ST,Sign on Post,21,DeKalb,,,-84.32485899999995,33.747340000000065
251,252,282,105432,105432,FLAT SHOALS AVE SE @ MAY AVE SE,Sign on Post,32;74,Atlanta,,,-84.34391799999997,33.73905800000006
252,253,283,105448,105448,MEMORIAL DR SE @ WARREN ST SE,Sign on Post,21,DeKalb,,,-84.32623399999994,33.74742900000007
253,254,284,105452,105452,MEMORIAL DR @ PALATKA ST SE,Shelter,21,Atlanta,,,-84.32114399999995,33.747494000000074
254,255,285,105455,105455,MEMORIAL DR SE @ DOUGLAS ST SE,Sign on Post,21,Atlanta,,,-84.31945099999996,33.747366000000056
255,256,286,105456,105456,MEMORIAL DR SE @ 2154,Sign on Post,21,Atlanta,,,-84.31720099999995,33.747366000000056
256,257,287,105462,105462,GLENWOOD AVE SE @ PATTERSON AVE SE,Sign on Post,107,Atlanta,,,-84.34365799999995,33.74007900000004
257,258,288,105464,105464,GLENWOOD AVE @ PATTERSON AVE,Sign on Post,107,Atlanta,,,-84.34311399999996,33.74015900000006
258,259,289,105466,105466,GLENWOOD AVE SE @ EASTSIDE AVE SE,Sign on Post,107,Atlanta,,,-84.34020899999996,33.73995400000007
259,260,290,105468,105468,GLENWOOD AVE SE @ EASTSIDE AVE SE,Sign on Post,107,Atlanta,,,-84.33984999999996,33.74014000000005
260,261,291,105470,105470,GLENWOOD AVE @ PASLEY AVE SE,Sign on Post,107,Atlanta,,,-84.33765899999997,33.740004000000056
261,262,292,105471,105471,GLENWOOD AVE @ MCWILLIAMS AVE,Sign on Post,107,Atlanta,,,-84.33617099999998,33.73993800000005
262,263,293,105472,105472,GLENWOOD AVE @ BLAKE AVE,Sign on Post,107,Atlanta,,,-84.33828799999998,33.74007900000004
263,264,294,105474,105474,GLENWOOD AVE SE @ FLAT SHOALS AVE SE,Bench,32;74;107,Atlanta,,,-84.34559299999995,33.74010500000003
264,265,295,105476,105476,FLAT SHOALS AVE @ GLENWOOD AVE,Sign Strapped to Pole,32;74,Atlanta,,,-84.34501099999994,33.73986400000007
265,266,296,105478,105478,GLENWOOD AVE SE @ FLAT SHOALS AVE SE,Sign on Post,107,Atlanta,,,-84.34530999999998,33.74016800000004
266,267,297,105512,105512,GLENWOOD AVE @ MCWILLIAMS AVE,Sign on Post,107,Atlanta,,,-84.33601699999997,33.74006200000008
267,268,298,105517,105517,EVA DAVIS WAY @ LAKESIDE VILLAGE DR SE,Sign on Post,24,Atlanta,,,-84.31472299999996,33.74379400000004
268,269,299,105523,105523,EVA DAVIS WAY @ HILLSIDE VILLAGE DR,Bench,24,Atlanta,,,-84.31436299999996,33.74102800000003
269,270,301,105572,105572,MEMORIAL DR @ E LAKE TER,Shelter,21,Atlanta,,,-84.31384599999996,33.74749000000003
270,271,302,105574,105574,GLENWOOD AVE SE @ BERNICE ST SE,Sign on Post,107,Atlanta,,,-84.31798399999997,33.74025900000004
271,272,303,105578,105578,EVA DAVIS WAY SE @ MEMORIAL DR SE,Sign on Post,24,Atlanta,,,-84.31455799999998,33.746417000000065
272,273,337,106082,106082,CANDLER RD @ TUPELO ST SE,Sign on Post,15;823,Atlanta,,,-84.29238299999997,33.748785000000055
273,274,338,106084,106084,CANDLER RD @ MEMORIAL DR SE,Shelter,15,Atlanta,,,-84.29214499999995,33.74726300000003
274,275,339,106086,106086,CANDLER RD @ ALSTON DR SE,Sign on Post,15,Atlanta,,,-84.29104799999999,33.74477500000006
275,276,340,106088,106088,CANDLER RD @ WHITE OAK DR,Sign on Post,15,Atlanta,,,-84.29045099999996,33.74321400000008
276,277,341,106090,106090,CANDLER RD @ DAWES AVE,Sign on Post,15,Atlanta,,,-84.28992499999998,33.74216800000005
277,278,342,106092,106092,CANDLER RD @ SALMON AVE SE,Sign Strapped to Pole,15,DeKalb,,,-84.28913699999998,33.74080900000007
278,279,356,106120,106120,CANDLER RD @ EASTWOOD DR,Sign on Post,15,DeKalb,,,-84.28899499999994,33.74074600000006
279,280,357,106122,106122,CANDLER RD @ AMELIA AVE,Sign Strapped to Pole,15,DeKalb,,,-84.28947299999999,33.74175800000006
280,281,358,106124,106124,CANDLER RD @ WHITE OAK DR,Sign on Post,15,DeKalb,,,-84.29002699999995,33.74294800000007
281,282,359,106126,106126,CANDLER RD @ ALSTON DR,Sign on Post,15,DeKalb,,,-84.29088499999995,33.74464000000006
282,283,360,106128,106128,CANDLER RD @ 240,Sign on Post,15,Atlanta,,,-84.29140299999995,33.74587600000007
283,284,361,106130,106130,CANDLER RD @ TUPELO ST,Sign on Post,15;823,Atlanta,,,-84.29216599999995,33.74807800000008
284,285,362,106132,106132,CANDLER RD @ CHEVELLE LN NE,Sign on Post,15;823,Atlanta,,,-84.29221899999999,33.75153300000005
285,286,365,106148,106148,HOSEA L WILLIAMS DR @ 1ST AVE,Sign on Post,24,Atlanta,,,-84.31119999999999,33.75109800000007
286,287,366,106150,106150,MEMORIAL DR SE @ 2ND AVE SE,Sign on Post,21,Atlanta,,,-84.30893999999995,33.747231000000056
287,288,367,106154,106154,MEMORIAL DR SE @ COTTAGE GROVE AVE SE,Sign on Post,21,Atlanta,,,-84.30655699999994,33.74696400000005
288,289,368,106156,106156,MEMORIAL DR SE @ CARTER AVE SE,Sign on Post,21,Atlanta,,,-84.30548099999999,33.74697900000007
289,290,369,106158,106158,MEMORIAL DR SE @ GREEN AVE SE,Sign on Post,21,Atlanta,,,-84.30146099999996,33.74714900000004
290,291,370,106160,106160,MEMORIAL DR SE @ DANIEL AVE SE,Sign on Post,21,Atlanta,,,-84.29927599999996,33.747131000000024
291,292,371,106162,106162,MEMORIAL DR SE @ DANIEL AVE SE,Sign on Post,21,Atlanta,,,-84.29838499999994,33.74710400000004
292,293,372,106164,106164,MEMORIAL DR SE @ SPENCE AVE SE,Sign on Post,21,Atlanta,,,-84.29626499999995,33.74707600000005
293,294,373,106166,106166,MEMORIAL DR SE @ OAKRIDGE AVE SE,Sign on Post,21,Atlanta,,,-84.29432299999996,33.74695000000003
294,295,374,106168,106168,MEMORIAL DR SE @ CANDLER RD SE,Shelter,21;823,Atlanta,,,-84.29103899999996,33.74700000000007
295,296,375,106170,106170,MEMORIAL DR @ RICHARD ALLEN DR,Sign Strapped to Pole,21;823,DeKalb,,,-84.28912299999996,33.74703000000005
296,297,376,106172,106172,MEMORIAL DR @ VENICE DR,Sign on Post,21;823,DeKalb,,,-84.28608999999994,33.74713600000007
297,298,379,106178,106178,GLENWOOD AVE SE @ 2ND AVE SE,Shelter,24;107,Atlanta,,,-84.30975599999994,33.740008000000046
298,299,380,106180,106180,GLENWOOD AVE SE @ 2ND AVE SE,Sign on Post,107,Atlanta,,,-84.30963699999995,33.74007000000006
299,300,381,106182,106182,GLENWOOD AVE SE @ SUMMIT DR,Sign on Post,107,Atlanta,,,-84.30649499999998,33.73999800000007
300,301,382,106184,106184,GLENWOOD AVE SE @ SUMMIT DR,Sign on Post,107,Atlanta,,,-84.30666499999995,33.73990600000008
301,302,383,106186,106186,GLENWOOD AVE SE @ CARTER AVE SE,Sign on Post,107,Atlanta,,,-84.30491899999998,33.73989000000006
302,303,384,106188,106188,GLENWOOD AVE SE @ CARTER AVE SE,Sign on Post,107,Atlanta,,,-84.30543499999999,33.74009300000006
303,304,405,106240,106240,E LAKE DR @ W PHARR RD,Sign on Post,823,DeKalb,,,-84.30148899999995,33.754845000000046
304,305,406,106242,106242,E LAKE DR NE @ KNOX ST NE,Sign on Post,823,Atlanta,,,-84.30148699999995,33.75268500000004
305,306,407,106244,106244,E LAKE DR SE @ HOSEA L WILLIAMS DR,Sign on Post,823,Atlanta,,,-84.30148099999997,33.75136500000008
306,307,408,106246,106246,HOSEA L WILLIAMS DR @ DANIEL AVE SE,Sign on Post,823,Atlanta,,,-84.29857899999996,33.75130200000007
307,308,409,106248,106248,HOSEA L WILLIAMS DR @ SPENCE AVE SE,Sign on Post,823,Atlanta,,,-84.29615499999994,33.751382000000035
308,309,410,106252,106252,HOSEA L WILLIAMS DR @ CANDLER RD,Sign on Post,823,Atlanta,,,-84.29233899999997,33.75153300000005
309,310,415,106278,106278,HOSEA L WILLIAMS DR @ SPENCE AVE,Sign on Post,823,Atlanta,,,-84.29601299999996,33.75153400000005
310,311,416,106280,106280,HOSEA L WILLIAMS DR @ DANIEL AVE,Sign on Post,823,Atlanta,,,-84.29842699999995,33.751454000000024
311,312,417,106282,106282,HOSEA L WILLIAMS DR @  E LAKE DR,Sign on Post,823,Atlanta,,,-84.30125899999996,33.75137700000005
312,313,418,106284,106284,E LAKE DR @ KNOX ST,Sign on Post,823,Atlanta,,,-84.30121599999995,33.75225800000004
313,314,419,106286,106286,E LAKE DR @ W PHARR RD,Sign on Post,823,Atlanta,,,-84.30138399999998,33.754598000000044
314,315,420,106292,106292,2ND AVE @ NORTHERN ST,Sign on Post,34,Atlanta,,,-84.30988299999996,33.75202200000007
315,316,421,106294,106294,2ND AVE @ HOSEA L WILLIAMS DR,Sign on Post,34,Atlanta,,,-84.30979799999994,33.750785000000064
316,317,422,106296,106296,2ND AVE SE @ COTTAGE GROVE AVE,Sign on Post,24;34,Atlanta,,,-84.30980899999997,33.74947800000007
317,318,423,106298,106298,2ND AVE SE @ MEMORIAL DR SE,Sign on Post,24,Atlanta,,,-84.30978699999997,33.74734700000005
318,319,424,106308,106308,2ND AVE @ SWAZEY DR,Sign on Post,24;34,DeKalb,,,-84.30985299999998,33.738987000000066
319,320,425,106310,106310,2ND AVE @ 1900,Sign on Post,24;34,DeKalb,,,-84.30969199999998,33.73653400000006
320,321,426,106312,106312,2ND AVE @ KHALIL DR,Sign on Post,24;34,DeKalb,,,-84.30981199999997,33.73431500000004
321,322,434,106350,106350,2ND AVE @ COGAR DR,Bench,24;34,DeKalb,,,-84.30944799999997,33.73438300000004
322,323,435,106352,106352,2ND AVE @ 1900,Sign on Post,24;34,DeKalb,,,-84.30943299999996,33.73648500000007
323,324,436,106354,106354,2ND AVE @ SWAZEY DR,Sign on Post,24;34,DeKalb,,,-84.30967999999996,33.738924000000054
324,325,437,106362,106362,2ND AVE SE @ ALSTON DR SE,Shelter,34,Atlanta,,,-84.30952499999995,33.745029000000045
325,326,438,106366,106366,2ND AVE SE @ 90,Sign on Post,24;34,Atlanta,,,-84.30968899999993,33.74927200000008
326,327,439,106370,106370,2ND AVE @ NORTHERN ST,Sign on Post,34,Atlanta,,,-84.30954699999995,33.752098000000046
327,328,440,106380,106380,HOSEA L WILLIAMS DR NE @ 1ST AVE SE,Sign on Post,24,Atlanta,,,-84.31129799999997,33.75100900000007
328,329,441,106390,106390,CANDLER ST @ CANDLER DR,Sign on Post,15,DeKalb,,,-84.29171799999995,33.755059000000074
329,330,442,106392,106392,S CANDLER ST @ OVERLOOK BLUFF,Sign on Post,15,DeKalb,,,-84.29140199999995,33.756223000000034
330,331,443,106394,106394,CANDLER ST @ E PHARR RD,Sign on Post,15,DeKalb,,,-84.29191399999996,33.75387800000004
331,332,444,106396,106396,S CANDLER ST @ CANDLER DR,Sign on Post,15,DeKalb,,,-84.29170699999997,33.754496000000074
332,333,445,106398,106398,S CANDLER ST @ E PHARR RD,Sign on Post,15,Atlanta,,,-84.29193599999996,33.753296000000034
333,334,446,106400,106400,CANDLER RD @ HOSEA L WILLIAMS DR,Sign on Post,15,Atlanta,,,-84.29244199999994,33.75167800000003
334,335,447,106402,106402,2ND AVE @ GORDON ST,Sign on Post,34,DeKalb,,,-84.30960099999999,33.75385700000004
335,336,448,106404,106404,2ND AVE @ 351,Sign on Post,34,Atlanta,,,-84.31044999999995,33.75510000000003
336,337,449,106406,106406,2ND AVE @ OAKVIEW RD,Sign on Post,34,Atlanta,,,-84.30998499999998,33.75422200000003
337,338,450,106412,106412,MEMORIAL DR @ CARTER AVE,Sign on Post,21,Atlanta,,,-84.30506999999994,33.74723900000004
338,339,451,106414,106414,MEMORIAL DR @ LAKE DR SE,Sign on Post,21,Atlanta,,,-84.30267799999996,33.74715800000007
339,340,452,106416,106416,MEMORIAL DR @ LAKE DR SE,Sign on Post,21,Atlanta,,,-84.30262399999998,33.747221000000025
340,341,453,106420,106420,MEMORIAL DR SE @ DANIEL AVE,Sign on Post,21,Atlanta,,,-84.29949999999997,33.74736000000007
341,342,454,106422,106422,MEMORIAL DR SE @ DANIEL AVE,Sign on Post,21,Atlanta,,,-84.29814099999999,33.747318000000064
342,343,455,106424,106424,MEMORIAL DR SE @ SPENCE AVE,Sign on Post,21,Atlanta,,,-84.29595899999998,33.747322000000054
343,344,456,106426,106426,MEMORIAL DR SE @ OAKRIDGE AVE SE,Sign on Post,21,Atlanta,,,-84.29387699999995,33.74728400000004
344,345,457,106428,106428,MEMORIAL DR SE @ 1ST AVE,Sign on Post,21;24,Atlanta,,,-84.31115699999998,33.74733900000007
345,346,458,106430,106430,MEMORIAL DR SE @ 1ST AVE,Sign on Post,21;24,Atlanta,,,-84.31102899999996,33.74727800000005
346,347,459,106433,106433,MEMORIAL DR SE @ CANDLER RD SE,Bench,21;823,Atlanta,,,-84.29134999999997,33.74718900000005
347,348,460,106434,106434,MEMORIAL DR SE @ ELLINGTON ST,Sign on Post,21;823,DeKalb,,,-84.28916899999996,33.747246000000075
348,349,469,106474,106474,2ND AVE @ DANCING FOX RD,Sign on Post,24;34,DeKalb,,,-84.30972399999996,33.73794000000004
349,350,470,106476,106476,2ND AVE @ DANCING FOX RD,Sign on Post,24;34,DeKalb,,,-84.30963699999995,33.73794000000004
350,351,471,106478,106478,GLENWOOD AVE @ FAYETTEVILLE RD,Sign on Post,24;107,Atlanta,,,-84.31140299999998,33.739926000000025
351,352,700,112174,112174,OAK ST SW @ JOSEPH E LOWERY BLVD,Sign on Post,58,Atlanta,,,-84.41771199999994,33.74065200000007
352,353,701,113004,113004,OGLETHORPE AVE SW @ GORDON PL SW,Sign on Post,68;81,Atlanta,,,-84.41923799999995,33.73585300000008
353,354,702,113005,113005,OGLETHORPE AVE SW @ PEEPLES ST SW,Sign on Post,68;81,Atlanta,,,-84.42032499999993,33.73585200000008
354,355,703,113006,113006,OGLETHORPE AVE SW @ LAWTON ST SW,Sign on Post,68;81,Atlanta,,,-84.42322499999995,33.73583600000006
355,356,704,113008,113008,LAWTON ST SW @ MATHEWS ST SW,Sign on Post,68;81,Atlanta,,,-84.42339999999996,33.734668000000056
356,357,707,113016,113016,DONNELLY AVE SW @ BERNICE ST SW,Sign on Post,68,Atlanta,,,-84.43245599999995,33.73646800000006
357,358,709,113032,113032,DONNELLY AVE @ BERNICE ST,Sign on Post,68,Atlanta,,,-84.43287499999997,33.736541000000045
358,359,713,113048,113048,LAWTON ST SW @ MATHEWS ST SW,Sign on Post,68;81,Atlanta,,,-84.42330199999998,33.734623000000056
359,360,714,113050,113050,LAWTON ST SW @ OGLETHORPE AVE SW,Sign on Post,68;81,Atlanta,,,-84.42331399999995,33.73573300000004
360,361,715,113052,113052,OGLETHORPE AVE SW @ PEEPLES ST SW,Sign on Post,68;81,Atlanta,,,-84.42054299999995,33.73577100000006
361,362,716,113053,113053,OGLETHORPE AVE SW @ AZALIA ST SW,Sign on Post,68;81,Atlanta,,,-84.41920099999999,33.73574600000006
362,363,717,113054,113054,OGLETHORPE AVE SW @ JOSEPH E LOWERY BLVD,Sign on Post,68;81,Atlanta,,,-84.41780399999999,33.73579100000006
363,364,718,113064,113064,RALPH D ABERNATHY BLVD SW @ JOSEPH E LOWERY BLVD SW,Bench,71,Atlanta,,,-84.41844799999996,33.73805100000004
364,365,719,113068,113068,RALPH DAVID ABERNATH BLVD @ PEEPLES S,Sign on Post,71,Atlanta,,,-84.42023499999993,33.73811000000006
365,366,720,113072,113072,RALPH D ABERNATHY BLVD SW @ LAWTON ST SW,Sign Strapped to Pole,71,Atlanta,,,-84.42329599999994,33.73840000000007
366,367,721,113076,113076,RALPH D ABERNATHY BLVD SW @ HOLDERNESS ST,Sign on Post,71,Atlanta,,,-84.42682599999995,33.738594000000035
367,368,722,113078,113078,OGLETHORPE AVE SW @ LAWTON ST SW,Sign on Post,68;81,Atlanta,,,-84.42221599999993,33.73571100000004
368,369,723,113080,113080,RALPH DAVID ABERNATH BLVD @ ATWOOD S,Sign on Post,71,Atlanta,,,-84.42969799999997,33.738905000000045
369,370,724,113084,113084,RALPH D ABERNATHY BLVD SW @ LANGHORN ST SW,Bench,71,Atlanta,,,-84.43180299999995,33.73905200000007
370,371,725,113086,113086,OGLETHORPE AVE @ JOSEPH E LOWERY BLVD,Sign on Post,68;81,Atlanta,,,-84.41740399999998,33.73591700000003
371,372,726,113092,113092,JOSEPH E LOWERY BLVD SW @ RALPH D ABERNATHY BLVD SW,Shelter,1;58,Atlanta,,,-84.41764299999994,33.73836400000005
372,373,727,113094,113094,JOSEPH E LOWERY BLVD @ 577,Sign on Post,1;58,Atlanta,,,-84.41762899999998,33.73929000000004
373,374,728,113096,113096,JOSEPH E LOWERY BLVD @ OAK ST SW,Sign on Post,1;58,Atlanta,,,-84.41765599999997,33.740170000000035
374,375,729,113098,113098,JOSEPH E LOWERY BLVD @ 577,Sign on Post,1;58,Atlanta,,,-84.41774299999997,33.739363000000026
375,376,730,113102,113102,RALPH D ABERNATHY BLVD SW @ HOPKINS ST SW,Shelter,71,Atlanta,,,-84.43109999999996,33.73888600000004
376,377,731,113104,113104,RALPH D ABERNATHY BLVD SW @ ATWOOD ST SW,Sign on Post,71,Atlanta,,,-84.42915499999998,33.738744000000054
377,378,732,113108,113108,RALPH D ABERNATHY BLVD @ QUEEN ST SW,Bench,71,Atlanta,,,-84.42557399999998,33.73843900000003
378,379,733,113112,113112,RALPH DAVID ABERNATH BLVD @ LAWTON S,Sign on Post,71,Atlanta,,,-84.42301299999997,33.738248000000056
379,380,734,113116,113116,RALPH D ABERNATHY BLVD SW @ PEEPLES ST,Bench,71,Atlanta,,,-84.42063199999996,33.738000000000056
380,381,735,113120,113120,RALPH DAVID ABERNATH BLVD SW @ JOSEPH E LOWERY BLVD,Sign Strapped to Pole,71,Atlanta,,,-84.41820499999994,33.73791300000005
381,382,736,113122,113122,RALPH D ABERNATHY BLVD SW @ EVANS ST,Bench,1;58;71,Atlanta,,,-84.41578499999997,33.73820100000006
382,383,737,113136,113136,LAWTON ST SW @ RICHLAND RD SW,Sign on Post,81,Atlanta,,,-84.42340499999995,33.73056800000006
383,384,738,113138,113138,LAWTON ST SW @ MONTREAT AVE SW,Sign on Post,81,Atlanta,,,-84.42338299999994,33.72964600000006
384,385,739,113140,113140,LAWTON ST SW @ MERRILL AVE SW,Sign on Post,81,Atlanta,,,-84.42338099999995,33.72867900000006
385,386,740,113142,113142,MERRILL AVE SW @ HALL ST SW,Sign on Post,81,Atlanta,,,-84.42543799999999,33.728714000000025
386,387,743,113150,113150,MERRILL AVE SW @ HALL ST SW,Sign on Post,81,Atlanta,,,-84.42563099999995,33.72864100000004
387,388,744,113152,113152,MERRILL AVE SW @ LAWTON ST SW,Sign on Post,81,Atlanta,,,-84.42338099999995,33.728608000000065
388,389,745,113154,113154,LAWTON ST SW @ MONTREAT AVE SW,Sign on Post,81,Atlanta,,,-84.42327899999998,33.72951100000006
389,390,746,113156,113156,LAWTON ST SW @ RICHLAND RD SW,Sign on Post,81,Atlanta,,,-84.42329399999994,33.73048800000004
390,391,747,113166,113166,RALPH D ABERNATHY BLVD SW @ DUNN ST SW,Shelter,1;58;71,Atlanta,,,-84.41612199999997,33.738338000000056
391,392,748,113174,113174,OGLETHORPE AVE SW @ LAWTON ST SW,Sign on Post,68;81,Atlanta,,,-84.42203199999994,33.73584100000005
392,393,749,114014,114014,RALPH D ABERNATHY BLVD @ MURPHY AVE,Sign on Post,40;95;155;832,Atlanta,,,-84.41173699999996,33.738353000000075
393,394,750,114016,114016,RALPH D ABERNATHY BLVD @ MURPHY AVE,Sign on Post,40;95;155;832,Atlanta,,,-84.41173099999997,33.73820400000005
394,395,751,114050,114050,LEE ST SW @ OAK ST SW,Sign on Post,68,Atlanta,,,-84.41423799999995,33.74100900000008
395,396,752,114054,114054,LEE ST SW @ RALPH DAVID ABERNATH BLVD,Sign on Post,68,Atlanta,,,-84.41436199999998,33.739490000000046
396,397,753,114056,114056,LEE ST @ RALPH DAVID ABERNATH BLVD,Shelter,68,Atlanta,,,-84.41429899999997,33.73835400000007
397,398,754,114068,114068,METROPOLITAN PKY SW @ BROOKLINE ST SW,Sign on Post,95,Atlanta,,,-84.40811199999996,33.72715400000004
398,399,755,114072,114072,METROPOLITAN PKWY SW @ MARY ST,Sign on Post,95,Atlanta,,,-84.40806999999995,33.72876700000006
399,400,756,114076,114076,METROPOLITAN PKY SW @ ROCKWELL ST SW,Sign on Post,95,Atlanta,,,-84.40816599999994,33.73130000000003
400,401,757,114078,114078,METROPOLITAN PKY SW @ CHRISTMAN ST SW,Sign on Post,95,Atlanta,,,-84.40828699999997,33.736042000000054
401,402,758,114079,114079,METROPOLITAN PKY SW @ SHELTON AVE SW,Sign on Post,95,Atlanta,,,-84.40835099999998,33.73474200000004
402,403,759,114082,114082,RALPH D ABERNATHY BLVD @ W WHITEHALL ST,Shelter,1;40;58;71;95;155;832,Atlanta,,,-84.41315499999996,33.738185000000044
403,404,761,114089,114089,METROPOLITAN PKY SW @ ARTHUR ST SW,Sign on Post,95,Atlanta,,,-84.40781199999998,33.727967000000035
404,405,762,114092,114092,METROPOLITAN PKY SW @ MARY ST SW,Sign on Post,95,Atlanta,,,-84.40790599999997,33.729164000000026
405,406,763,114096,114096,METROPOLITAN PKY SW @ LILLIAN AVE,Sign on Post,95,Atlanta,,,-84.40803299999999,33.73090000000008
406,407,764,114100,114100,METROPOLITAN PKY SW @ SHELTON AVE SW,Sign on Post,95,Atlanta,,,-84.40798199999995,33.73407700000007
407,408,765,114102,114102,METROPOLITAN PKY SW @ CHRISTMAN ST SW,Sign on Post,95,Atlanta,,,-84.40801199999999,33.73569500000008
408,409,766,114104,114104,METROPOLITAN PKWY SW @ BRONNER BROS WAY,Shelter,95,Atlanta,,,-84.40792099999999,33.737442000000044
409,410,767,114106,114106,MCDANIEL ST SW @ FULTON ST SW,Shelter,40,Atlanta,,,-84.40276299999994,33.74137300000007
410,411,768,114110,114110,MCDANIEL ST SW @ 565,Sign Strapped to Pole,40,Atlanta,,,-84.40257999999994,33.74032500000004
411,412,769,114112,114112,MCDANIEL ST SW @ 565,Sign on Post,40,Atlanta,,,-84.40229799999997,33.74014800000003
412,413,770,114114,114114,MCDANIEL ST SW @ GLENN ST SW,Sign on Post,40,Atlanta,,,-84.40180799999996,33.738252000000045
413,414,771,114116,114116,MCDANIEL ST SW @ GLENN ST SW,Sign on Post,40,Atlanta,,,-84.40167499999995,33.73853600000007
414,415,772,114124,114124,MCDANIEL ST SW @ STEPHENS ST SW,Sign on Post,155,Atlanta,,,-84.40169499999996,33.734075000000075
415,416,773,114132,114132,MCDANIEL ST SW @ ROCKWELL ST SW,Bench,155,Atlanta,,,-84.40164899999996,33.73213300000003
416,417,774,114134,114134,MCDANIEL ST SW @ ROCKWELL ST SW,Sign on Post,155,Atlanta,,,-84.40173599999997,33.73199900000003
417,418,775,114136,114136,MCDANIEL ST SW @ GARDNER ST SW,Sign on Post,155,Atlanta,,,-84.40175599999998,33.730710000000045
418,419,776,114138,114138,MCDANIEL ST SW @ GARDNER ST SW,Sign on Post,155,Atlanta,,,-84.40156299999995,33.73035900000008
419,420,777,114140,114140,MCDANIEL ST SW @ MARY ST SW,Sign on Post,155,Atlanta,,,-84.40165699999994,33.72935800000005
420,421,778,114142,114142,MCDANIEL ST SW @ MARY ST SW,Sign on Post,155,Atlanta,,,-84.40157499999998,33.729201000000046
421,422,779,114144,114144,MCDANIEL ST SW @ ARTHUR ST SW,Sign on Post,155,Atlanta,,,-84.40167799999995,33.72817600000008
422,423,781,114152,114152,OGLETHORPE AVE SW @ EVANS ST SW,Sign on Post,68;81,Atlanta,,,-84.41520599999996,33.73579300000006
423,424,782,114166,114166,LEE ST SW @ POOLE PL SW,Sign Strapped to Pole,68;94,Atlanta,,,-84.41398099999998,33.73892700000005
424,425,783,114168,114168,LEE ST SW @ OAK ST SW,Sign on Post,68;94,Atlanta,,,-84.41383699999994,33.74042900000006
425,426,784,114170,114170,WINDSOR ST @ GLENN ST SW,Sign on Post,49,Atlanta,,,-84.39811999999995,33.738590000000045
426,427,785,114236,114236,MCDANIEL ST @ STEPHENS ST,Bench,155,Atlanta,,,-84.40160799999995,33.734075000000075
427,428,786,114238,114238,RALPH D ABERNATHY BLVD @ METROPOLITAN PKWY SW,Sign on Post,40;95;155;832,Atlanta,,,-84.40842999999995,33.73815700000006
429,430,788,115002,115002,PRYOR ST SW @ RICHARDSON ST SW,Sign on Post,42,Atlanta,,,-84.39458199999996,33.740766000000065
430,431,789,115004,115004,PRYOR ST SW @ CRUMLEY ST SW,Sign on Post,42,Atlanta,,,-84.39460199999996,33.739531000000056
431,432,790,115012,115012,PRYOR ST SW @ DODD AVE SW,Sign on Post,42,Atlanta,,,-84.39407499999999,33.73312200000004
432,433,791,115016,115016,PRYOR ST SW @ DOANE ST SW,Sign on Post,42,Atlanta,,,-84.39309499999996,33.730912000000046
433,434,792,115018,115018,PRYOR ST SW @ DOANE ST SW,Sign on Post,42,Atlanta,,,-84.39306199999999,33.73106400000006
434,435,793,115020,115020,CENTRAL AVE SW @ DODD AVE SW,Sign on Post,42,Atlanta,,,-84.39353099999994,33.73324800000006
435,436,794,115022,115022,CENTRAL AVE SW @ RALPH DAVID ABERNATH,Sign on Post,42,Atlanta,,,-84.39344699999998,33.73617500000006
436,437,795,115024,115024,CENTRAL AVE SW @ GLENN ST SW,Sign on Post,42,Atlanta,,,-84.39333299999998,33.73828400000008
437,438,796,115034,115034,WINDSOR ST SW @ RICHARDSON ST SW,Sign on Post,49,Atlanta,,,-84.39828799999998,33.74077300000005
438,439,797,115036,115036,WINDSOR ST SW @ CRUMLEY ST SW,Sign on Post,49,Atlanta,,,-84.39843999999994,33.73951000000005
439,440,798,115038,115038,COOPER ST SW @ RALPH DAVID ABERNATHY BLVD,Sign on Post,42,Atlanta,,,-84.39707699999997,33.73637000000008
440,441,799,115040,115040,COOPER ST SW @ LOVE ST SW,Sign on Post,42,Atlanta,,,-84.39731199999994,33.73459500000007
441,442,800,115044,115044,COOPER ST SW @ HENDRIX AVE SW,Sign on Post,42,Atlanta,,,-84.39717199999996,33.732440000000054
442,443,801,115048,115048,HENDRIX AVE SW @ PRYOR ST SW,Sign on Post,42,Atlanta,,,-84.39381299999997,33.732290000000035
443,444,802,115052,115052,PRYOR RD SW @ RIDGE AVE SW,Sign on Post,42,Atlanta,,,-84.39291799999995,33.72734000000003
444,445,803,115080,115080,RALPH D ABERNATHY BLVD SW @ CENTRAL AVE SW,Sign Strapped to Pole,49;832,Atlanta,,,-84.39307799999995,33.73675700000007
445,446,804,115082,115082,HANK AARON DR SE @ GEORGIA AVE SE,Shelter,55,Atlanta,,,-84.38778199999996,33.73717000000005
446,447,805,115084,115084,GEORGIA AVE SE @ FRASER ST SE,Sign Strapped to Pole,832,Atlanta,,,-84.38604599999996,33.73677900000007
447,448,806,115106,115106,ATLANTA AVE SE @ MARTIN ST SE,Sign on Post,49,Atlanta,,,-84.38446499999998,33.73035300000004
448,449,807,115108,115108,ATLANTA AVE SE @ GREENFIELD AVE SE,Sign on Post,49,Atlanta,,,-84.38327999999996,33.730335000000025
449,450,808,115110,115110,ORMOND ST SE @ CONNALLY ST SE,Sign on Post,49,Atlanta,,,-84.38077299999998,33.73171600000006
450,451,809,115114,115114,ORMOND ST SE @ MARTIN ST SE,Sign on Post,49,Atlanta,,,-84.38425399999994,33.731686000000025
451,452,810,115122,115122,GEORGIA AVE SE @ MARTIN ST SE,Sign on Post,832,Atlanta,,,-84.38416599999994,33.736744000000044
452,453,811,115124,115124,GEORGIA AVE SE @ AMI ST SE,Sign on Post,832,Atlanta,,,-84.38202699999994,33.73669300000006
453,454,812,115128,115128,ATLANTA AVE SE @ FRASER ST SE,Sign on Post,49,Atlanta,,,-84.38634499999995,33.73035200000004
454,455,813,115130,115130,GEORGIA AVE SE @ AMI ST SE,Shelter,832,Atlanta,,,-84.38198099999994,33.73679900000008
455,456,814,115132,115132,GEORGIA AVE SE @ MARTIN ST SE,Bench,832,Atlanta,,,-84.38397399999997,33.73684600000007
456,457,815,115136,115136,GEORGIA AVE SE @ FRASER ST SE,Sign Strapped to Pole,832,Atlanta,,,-84.38624199999998,33.73690400000004
457,458,816,115138,115138,WINDSOR ST SW @ RICHARDSON ST SW,Shelter,49,Atlanta,,,-84.39823999999999,33.740620000000035
458,459,817,115140,115140,WINDSOR ST SW @ CRUMLEY ST SW,Sign on Post,49,Atlanta,,,-84.39824299999998,33.73976400000004
459,460,818,115144,115144,COOPER ST @ RALPH D ABERNATHY BLVD,Sign on Post,42,Atlanta,,,-84.39694999999995,33.736560000000054
460,461,819,115148,115148,COOPER ST SW @ LOVE ST SW,Sign on Post,42,Atlanta,,,-84.39695599999999,33.73500900000005
461,462,820,115152,115152,COOPER ST @ HENDRIX AVE,Sign on Post,42,Atlanta,,,-84.39701799999995,33.73241000000007
462,463,821,115154,115154,HENDRIX AVE SW @ PRYOR ST,Sign on Post,42,Atlanta,,,-84.39404199999996,33.732361000000026
463,464,822,115160,115160,PRYOR RD SW @ RIDGE AVE SW,Shelter,42;55;155,Atlanta,,,-84.39294799999999,33.72700800000007
464,465,823,115164,115164,HANK AARON DR @ ORMOND ST SE,Sign on Post,49;55,Atlanta,,,-84.38798699999995,33.73143400000004
465,466,824,115166,115166,HANK AARON DR @ ORMOND ST SE,Sign on Post,55,Atlanta,,,-84.38777899999997,33.73151800000005
466,467,825,115168,115168,HANK AARON DR @ ATLANTA AVE SE,Sign on Post,55,Atlanta,,,-84.38798499999996,33.730548000000056
467,468,826,115170,115170,HANK AARON DR @ ATLANTA AVE SE,Sign on Post,55,Atlanta,,,-84.38791599999996,33.73030600000004
468,469,827,115172,115172,HANK AARON DR @ VANIRA AVE SE,Sign on Post,55,Atlanta,,,-84.38815999999997,33.72916000000004
469,470,828,115174,115174,HANK AARON DR @ VANIRA AVE SE,Sign on Post,55,Atlanta,,,-84.38782499999996,33.72898900000007
470,471,829,115180,115180,HANK AARON DR SW @ HAYGOOD AVE SW,Sign on Post,55,Atlanta,,,-84.38805899999994,33.72664500000008
471,472,830,115182,115182,HANK AARON DR SW @ HAYGOOD AVE SW,Bench,55,Atlanta,,,-84.38796099999996,33.72642100000007
472,473,831,115185,115185,RALPH D ABERNATHY BLVD @ HANK AARON DR,Sign Strapped to Pole,832,Atlanta,,,-84.38813299999998,33.73685800000004
473,474,832,115188,115188,HANK AARON DR @ BILL LUCAS DR SE,Sign on Post,55,Atlanta,,,-84.38780599999996,33.73409000000004
474,475,833,115190,115190,HANK AARON DR SW @ LITTLE ST SE,Sign on Post,55,Atlanta,,,-84.38774899999999,33.732845000000054
475,476,834,115192,115192,HANK AARON DR @ RALPH D ABERNATHY BLVD,Sign Strapped to Pole,55,Atlanta,,,-84.38794699999994,33.73740000000004
476,477,835,115194,115194,CAPITOL AVE @ FULTON ST,Sign Strapped to Pole,55,Atlanta,,,-84.38782199999997,33.74201400000004
477,478,836,115202,115202,PRYOR ST @ BASS ST,Sign on Post,42,Atlanta,,,-84.39481199999994,33.73585600000007
478,479,837,115204,115204,HANK AARON DR SW @ LITTLE ST SE,Sign on Post,55,Atlanta,,,-84.38810799999999,33.73338400000006
479,480,838,115214,115214,ATLANTA AVE SE @ HANK AARON DR,Sign on Post,49,Atlanta,,,-84.38753699999995,33.73031700000007
480,481,839,115216,115216,ORMOND ST @ CREW ST,Bench,49,Atlanta,,,-84.38937899999996,33.731809000000055
481,482,840,115218,115218,POLLARD BLVD @ RALPH D ABERNATHY BLVD,Sign Strapped to Pole,49,Atlanta,,,-84.39066699999995,33.735640000000046
482,483,841,115220,115220,POLLARD BLVD @ LITTLE ST,Sign Strapped to Pole,49,Atlanta,,,-84.39082499999995,33.73296300000004
483,484,842,115222,115222,HANK AARON DR SW @ BILL LUCAS DR SW,Sign on Post,55,Atlanta,,,-84.38800299999997,33.734365000000025
484,485,843,116004,116004,BOULEVARD SE @ ROSALIA ST,Sign on Post,9,Atlanta,,,-84.36822199999995,33.73855000000003
485,486,844,116006,116006,BOULEVARD SE @ BERNE ST,Sign on Post,9,Atlanta,,,-84.36827499999998,33.73656300000005
486,487,845,116009,116009,BOULEVARD SE @ DELMAR AVE SE,Simme Seat,9,Atlanta,,,-84.36835799999994,33.73231400000003
487,488,846,116010,116010,BOULEVARD SE @ ATLANTA AVE SE,Sign on Post,9,Atlanta,,,-84.36837999999995,33.730515000000025
488,489,847,116020,116020,BOULEVARD SE @ BERNE ST SE,Sign on Post,9,Atlanta,,,-84.36807999999996,33.73672400000004
489,490,848,116024,116024,BOULEVARD SE @ HANSELL ST SE,Sign on Post,9,Atlanta,,,-84.36805999999996,33.74059100000005
490,491,849,116040,116040,UNITED AVE @ EDIE AVE SE,Sign on Post,832,Atlanta,,,-84.36322799999994,33.72756000000004
491,492,850,116042,116042,UNITED AVE @ CHARLES BANK AVE,Sign on Post,832,Atlanta,,,-84.36434799999995,33.729287000000056
492,493,851,116054,116054,HILL ST SE @ 1059,Sign on Post,49,Atlanta,,,-84.37866899999995,33.725558000000035
493,494,852,116072,116072,CHEROKEE AVE @ GRANT PARK PL,Shelter,832,Atlanta,,,-84.37353999999993,33.73232000000007
494,495,853,116074,116074,ATLANTA AVE SE @ CONNALLY ST SE,Sign on Post,49,Atlanta,,,-84.38086599999997,33.730256000000054
495,496,854,116076,116076,ATLANTA AVE SE @ GRANT TER SE,Sign on Post,49,Atlanta,,,-84.37997599999994,33.730301000000054
496,497,855,116086,116086,CHEROKEE AVE SE @ BASS ST SE,Sign on Post,832,Atlanta,,,-84.37355599999995,33.73479800000007
497,498,856,116093,116093,GEORGIA AVE SE @ GRANT TER SE,Sign Strapped to Pole,832,Atlanta,,,-84.37997099999995,33.736650000000054
498,499,857,116094,116094,GEORGIA AVE SE @ HILL ST SE,Sign on Post,832,Atlanta,,,-84.37849199999994,33.73667500000005
499,500,858,116100,116100,CHEROKEE AVE SE @ BASS ST SE,Sign on Post,832,Atlanta,,,-84.37364299999996,33.73489600000005
500,501,859,116104,116104,CHEROKEE AVE SE @ GRANT PARK PL SE,Sign on Post,832,Atlanta,,,-84.37371399999995,33.73259500000006
501,502,860,116116,116116,GEORGIA AVE SE @ GRANT TER SE,Sign on Post,832,Atlanta,,,-84.37975299999994,33.73675500000007
502,503,861,116124,116124,ATLANTA AVE SE @ CHEROKEE AVE SE,Sign on Post,832,Atlanta,,,-84.37327699999997,33.730268000000024
503,504,862,116132,116132,ATLANTA AVE @ CHEROKEE AVE,Sign on Post,832,Atlanta,,,-84.37332499999997,33.73016100000007
504,505,863,117002,117002,GLENWOOD AVE SE @ BROWNWOOD AVE SE,Shelter,32;74;107,Atlanta,,,-84.34817899999996,33.74012300000004
505,506,865,117006,117006,MORELAND AVE SE @ LYNDALE DR SE,Sign on Post,4,Atlanta,,,-84.34944899999994,33.72781900000007
506,507,866,117007,117007,MORELAND AVE SE @ STONEYBROOK DR,Sign on Post,4,Atlanta,,,-84.34941499999996,33.729077000000075
507,508,867,117008,117008,MORELAND AVE SE @ EDEN AVE SE,Sign on Post,4,Atlanta,,,-84.34940499999999,33.73013300000002
508,509,868,117010,117010,MORELAND AVE SE @ DELAWARE AVE SE,Sign on Post,4,Atlanta,,,-84.34939399999996,33.73190500000004
509,510,869,117012,117012,MORELAND AVE SE @ GRACEWOOD AVE SE,Sign on Post,4,Atlanta,,,-84.34938399999999,33.732863000000066
510,511,870,117014,117014,MORELAND AVE SE @ ORMEWOOD AVE SE,Sign on Post,4,Atlanta,,,-84.34940099999994,33.734177000000045
511,512,871,117016,117016,MORELAND AVE SE @ HALL AVE SE,Sign on Post,4,Atlanta,,,-84.34939699999995,33.73509500000006
512,513,872,117018,117018,MORELAND AVE SE @ BERNE ST SE,Sign on Post,4,Atlanta,,,-84.34938299999999,33.73610100000008
513,514,873,117020,117020,MORELAND AVE SE @ WOODLAND AVE SE,Sign on Post,4,Atlanta,,,-84.34931999999998,33.73758900000007
514,515,874,117022,117022,MORELAND AVE SE @ PORTLAND AVE SE,Sign on Post,4,Atlanta,,,-84.34939999999995,33.739231000000075
515,516,875,117024,117024,GLENWOOD AVE SE @ HEMLOCK CIR SE,Sign on Post,107,Atlanta,,,-84.35116599999998,33.74049000000008
516,517,876,117028,117028,GLENWOOD AVE SE @ GLENWOOD PL SE,Sign on Post,107,Atlanta,,,-84.35507999999999,33.73985700000003
517,518,877,117030,117030,GLENWOOD AVE SE @ BILL KENNEDY WAY SE,Sign Strapped to Pole,107,Atlanta,,,-84.35760399999998,33.739814000000024
518,519,878,117036,117036,GLENWOOD AVE SE @ GLENWOOD PL SE,Sign on Post,107,Atlanta,,,-84.35504299999997,33.73971700000004
519,520,879,117040,117040,GLENWOOD AVE SE @ HEMLOCK CIR SE,Sign on Post,107,Atlanta,,,-84.35133199999996,33.74039000000005
520,521,880,117042,117042,GLENWOOD AVE SE @ BROWNWOOD AVE,Shelter,32;74;107,Atlanta,,,-84.34836799999994,33.740256000000045
521,522,883,117102,117102,MORELAND AVE SE @ DELAWARE AVE SE,Sign on Post,4,Atlanta,,,-84.34929699999998,33.73185100000006
522,523,884,117104,117104,MORELAND AVE SE @ GRACEWOOD AVE SE,Sign Strapped to Pole,4,Atlanta,,,-84.34928099999996,33.732777000000056
523,524,885,117106,117106,MORELAND AVE SE @ ORMEWOOD AVE SE,Sign on Post,4,Atlanta,,,-84.34924299999994,33.73380300000008
524,525,886,117108,117108,MORELAND AVE SE @ HALL ST SE,Sign on Post,4,Atlanta,,,-84.34923599999996,33.734894000000054
525,526,887,117110,117110,MORELAND AVE SE @ BERNE ST SE,Sign on Post,4,Atlanta,,,-84.34925399999997,33.73606700000005
526,527,888,117112,117112,MORELAND AVE SE @ WOODLAND AVE SE,Sign on Post,4,Atlanta,,,-84.34924399999994,33.73752700000006
527,528,889,117114,117114,MORELAND AVE SE @ PORTLAND AVE,Sign on Post,4,Atlanta,,,-84.34919699999995,33.738838000000044
528,529,890,117116,117116,MORELAND AVE SE @ GLENWOOD AVE SE,Shelter,4,Atlanta,,,-84.34915199999995,33.73994800000003
529,530,891,117118,117118,MORELAND AVE SE @ METROPOLITAN AVE SE,Sign on Post,4;32;74,Atlanta,,,-84.34913999999998,33.741220000000055
530,531,892,117120,117120,MORELAND AVE SE @ MCPHERSON AVE SE,Sign on Post,4;32;74,Atlanta,,,-84.34915899999999,33.74303200000003
531,532,893,117121,117121,MORELAND AVE SE @ MEMORIAL DR SE,Sign on Post,4;32;74,Atlanta,,,-84.34915999999998,33.747543000000064
532,533,894,117122,117122,MORELAND AVE @ STONEYBROOK DR,Sign on Post,4,Atlanta,,,-84.34925099999998,33.728714000000025
533,534,896,117124,117124,MORELAND AVE @ EDEN AVE,Sign on Post,4,Atlanta,,,-84.34929599999998,33.730061000000035
534,535,897,117127,117127,MORELAND AVE SE @ WYLIE ST SE,Bench,4;32;74,Atlanta,,,-84.34916199999998,33.75234100000006
535,536,898,117129,117129,MORELAND AVE SE @ HOSEA L WILLIAMS DR NE,Sign on Post,4;32;74,Atlanta,,,-84.34917299999995,33.75350400000008
536,537,899,117131,117131,MORELAND AVE NE @ HARDEE ST NE,Bench,4;32;74,Atlanta,,,-84.34911899999997,33.755599000000075
537,538,1159,123016,123016,MURPHY AVE SW@ARDEN AVE SW,Sign on Post,172,Atlanta,,,-84.42462599999999,33.71653600000008
538,539,1160,123018,123018,LANGSTON AVE SW@DECKNER AVE SW,Sign on Post,172,Atlanta,,,-84.42409699999996,33.71371500000004
539,540,1161,123020,123020,LANGSTON AVE SW@MURPHY AVE SW,Sign on Post,172,Atlanta,,,-84.42529799999994,33.714436000000035
540,541,1162,123022,123022,MURPHY AVE SW@LANGSTON AVE SW,Sign on Post,172,Atlanta,,,-84.42535999999996,33.71485400000006
541,542,1163,123024,123024,LANGSTON AVE SW@HOOD DR SW,Sign on Post,172,Atlanta,,,-84.42334899999997,33.712353000000064
542,543,1164,123028,123028,CAMPBELLTON RD SW @ OAKLAND DR SW,Shelter,83;162,Atlanta,,,-84.42718099999996,33.71776200000005
543,544,1165,123032,123032,CAMPBELLTON RD SW@EPWORTH ST SW,Sign on Post,83;162,Atlanta,,,-84.43068899999997,33.71629100000007
544,545,1166,123036,123036,CAMPBELLTON RD SW@LORENZO DR SW,Sign on Post,83;162,Atlanta,,,-84.43245899999994,33.715238000000056
545,546,1167,123064,123064,CAMPBELLTON RD SW@LORENZO DR SW,Sign on Post,83;162,Atlanta,,,-84.43228699999997,33.71504500000003
546,547,1168,123068,123068,CAMPBELLTON RD SW @ RYAN ST SW,Sign on Post,83;162,Atlanta,,,-84.43059099999994,33.71596000000005
547,548,1169,123072,123072,CAMPBELLTON RD SW@OAKLAND DR SW,Sign on Post,83;162,Atlanta,,,-84.42760199999998,33.717373000000066
548,549,1170,123094,123094,SYLVAN RD SW@BYRON DR SW,Sign on Post,79,Atlanta,,,-84.41817799999995,33.71258000000006
549,550,1171,123124,123124,SYLVAN RD SW@BYRON DR SW,Sign on Post,79,Atlanta,,,-84.41809199999994,33.712920000000054
550,551,1172,123126,123126,OAKLAND DR SW@ALMONT DR SW,Sign on Post,81,Atlanta,,,-84.42732299999994,33.72595400000006
551,552,1173,123128,123128,ALMONT DR SW@INDALE PL SW,Sign on Post,81,Atlanta,,,-84.42834499999998,33.725906000000066
552,553,1177,123138,123138,WYLAND DR SW@LYNFORD DR SW,Sign on Post,81,Atlanta,,,-84.43068799999998,33.723329000000035
553,554,1178,123140,123140,WYLAND DR SW@AVON AVE SW,Sign on Post,81,Atlanta,,,-84.43076299999996,33.722398000000055
554,555,1180,123144,123144,AVON AVE SW@EPWORTH ST SW,Sign on Post,81,Atlanta,,,-84.43088199999994,33.722326000000066
555,556,1181,123146,123146,WYLAND DR SW@EDGEFIELD DR SW,Sign on Post,81,Atlanta,,,-84.43059499999998,33.72293900000005
556,557,1185,123156,123156,ALMONT DR SW@INDALE PL SW,Sign on Post,81,Atlanta,,,-84.42852899999997,33.72584600000005
557,558,1186,123158,123158,ALMONT DR@OAKLAND DR,Sign on Post,81,Atlanta,,,-84.42735499999998,33.72583800000007
558,559,1187,123202,123202,LANGSTON AVE@DECKNER AVE,Sign on Post,172,Atlanta,,,-84.42441699999995,33.71392600000007
559,560,1188,123204,123204,LANGSTON AVE@HOOD DR,Sign on Post,172,Atlanta,,,-84.42376599999994,33.71264100000008
561,562,1190,124008,124008,METROPOLITAN PKY SW@ERIN AVE SW,Sign on Post,95,Atlanta,,,-84.40803499999998,33.71979100000004
562,563,1191,124050,124050,METROPOLITAN PKY SW @ 1577,Sign on Post,95,Atlanta,,,-84.40801899999997,33.71201000000008
563,564,1192,124052,124052,METROPOLITAN PKY SW@DECKNER AVE SW,Sign on Post,95,Atlanta,,,-84.40797499999996,33.71452000000005
564,565,1193,124054,124054,METROPOLITAN PKY SW@GENESSEE AVE SW,Sign on Post,95,Atlanta,,,-84.40805799999998,33.71617100000003
565,566,1194,124058,124058,METROPOLITAN PKY SW @ UNIVERSITY AVE,Sign on Post,95,Atlanta,,,-84.40794799999998,33.72233700000004
566,567,1197,124068,124068,METROPOLITAN PKWY SW @ DECKNER AVE SW,Sign on Post,95,Atlanta,,,-84.40783199999998,33.714113000000054
567,568,1198,124070,124070,METROPOLITAN PKY SW@LYNNHAVEN DR SW,Sign on Post,95,Atlanta,,,-84.40777599999996,33.71589300000005
568,569,1199,124074,124074,METROPOLITAN PKWY SW @ MANFORD RD SW,Shelter,95,Atlanta,,,-84.40780799999999,33.71853200000004
569,570,1205,124093,124093,METROPOLITAN PKY SW @ UNIVERSITY AVE,Sign on Post,95,Atlanta,,,-84.40779299999997,33.722545000000025
570,571,1206,125002,125002,RIDGE AVE SW @ PULLIAM ST SW,Sign on Post,55;155,Atlanta,,,-84.39231199999995,33.72638200000006
571,572,1207,125003,125003,WEYMAN AVE SW @ RIDGE AVE SW,Sign on Post,55;155,Atlanta,,,-84.39039099999997,33.72494100000006
572,573,1208,125004,125004,WEYMAN AVE SW@HANK AARON DR SW,Sign on Post,55;155,Atlanta,,,-84.38840599999997,33.72498900000005
573,574,1209,125010,125010,MILTON AVE SE @ 79,Sign on Post,155,Atlanta,,,-84.38527499999998,33.72336700000005
574,575,1210,125024,125024,MILTON AVE SE @ 79,Sign on Post,155,Atlanta,,,-84.38492799999995,33.72314200000005
575,576,1211,125028,125028,WEYMAN AVE SW @ RIDGE AVE SW,Sign on Post,55;155,Atlanta,,,-84.39071099999995,33.72504900000007
576,577,1212,125030,125030,RIDGE AVE SW @ PULLIAM ST,Shelter,55;155,Atlanta,,,-84.39215599999994,33.726410000000044
577,578,1213,125036,125036,PRYOR RD SW @ UNIVERSITY AVE SW,Sign on Post,42;155,Atlanta,,,-84.39346899999998,33.72225300000002
578,579,1214,125038,125038,PRYOR RD SW@UNIVERSITY AVE,Sign on Post,42,Atlanta,,,-84.39359299999995,33.720848000000046
579,580,1217,125043,125043,JONESBORO RD SE@BISBEE AVE SE,Sign on Post,55,Atlanta,,,-84.38429499999995,33.71743900000007
580,581,1218,125046,125046,JONESBORO RD SE @ MCDONOUGH BLVD SE,Shelter,55,Atlanta,,,-84.38495599999999,33.71905600000008
581,582,1219,125048,125048,MCDONOUGH BLVD SE@MARCY ST SE,Sign on Post,55,Atlanta,,,-84.38624999999996,33.72022800000008
582,583,1220,125060,125060,MCDONOUGH BLVD SE@MARCY ST SE,Sign on Post,55,Atlanta,,,-84.38642399999998,33.720237000000054
583,584,1221,125062,125062,MCDONOUGH BLVD SE@JONESBORO RD SE,Sign on Post,55,Atlanta,,,-84.38524799999999,33.719205000000045
584,585,1222,125064,125064,JONESBORO RD SE@GAMMON AVE SE,Sign on Post,55,Atlanta,,,-84.38486899999998,33.718608000000074
585,586,1223,125066,125066,JONESBORO RD SE@MARTIN AVE SE,Sign on Post,55,Atlanta,,,-84.38446599999997,33.71766000000002
586,587,1228,125074,125074,PRYOR RD SW@MANFORD RD SW,Sign on Post,42,Atlanta,,,-84.39344299999999,33.71854100000007
587,588,1229,125094,125094,PRYOR RD SW@UNIVERSITY AVE,Sign on Post,42,Atlanta,,,-84.39332599999994,33.720470000000034
588,589,1230,125098,125098,PRYOR RD SW@MANFORD RD SW,Sign on Post,42,Atlanta,,,-84.39338999999995,33.71817000000004
589,590,1244,125244,125244,WEYMAN AVE@HANK AARON DR,Sign on Post,55;155,Atlanta,,,-84.38840599999997,33.72506000000004
590,591,1245,126004,126004,BOULEVARD SE @ HAMILTON AVE SE,Bench,9,Atlanta,,,-84.36832399999997,33.725974000000065
591,592,1268,126094,126094,HILL ST SE@1064,Sign on Post,49,Atlanta,,,-84.37845599999997,33.72547100000003
592,593,1269,126096,126096,HILL ST SE@FARRINGTON AVE,Sign on Post,49,Atlanta,,,-84.37850699999996,33.72647100000006
593,594,1270,126097,126097,HILL ST SE @ TUSKEGEE ST SE,Simme Seat,49,Atlanta,,,-84.37846499999995,33.72853900000007
594,595,1278,126123,126123,HILL ST SE @ TUSKEGEE ST SE,Sign on Post,49,Atlanta,,,-84.37855199999996,33.72846700000002
595,596,1279,126124,126124,HILL ST SE @ FARRINGTON AVE,Sign on Post,49,Atlanta,,,-84.37857199999996,33.72655100000003
596,597,1283,126134,126134,HILL ST SE @ ORMOND ST,Sign on Post,49,Atlanta,,,-84.37847399999998,33.73139900000007
597,598,1284,126136,126136,HILL ST SE @ ATLANTA AVE,Sign on Post,49,Atlanta,,,-84.37846599999995,33.73023900000004
598,599,1696,136002,136002,LANGSTON AVE SW@KATHERWOOD DR SW,Sign on Post,172,Atlanta,,,-84.42281499999996,33.70998000000003
599,600,1707,136042,136042,SYLVAN RD SW@WOODBOURNE DR SW,Sign on Post,79,Atlanta,,,-84.41812099999999,33.70987300000007
600,601,1708,136043,136043,SYLVAN RD SW@VICTORY DR SW,Sign on Post,79,Atlanta,,,-84.41812899999996,33.707719000000054
601,602,1709,136046,136046,SYLVAN RD SW @ KATHERWOOD DR SW,Sign on Post,79,Atlanta,,,-84.41820899999999,33.71121000000005
602,603,1710,136048,136048,SYLVAN RD SW@WOODBOURNE DR SW,Sign on Post,79,Atlanta,,,-84.41819699999996,33.71017200000006
603,604,1711,136050,136050,SYLVAN RD SW@HARTE DR SW,Sign on Post,79,Atlanta,,,-84.41820699999994,33.70921400000003
604,605,1712,136052,136052,SYLVAN RD SW@VICTORY DR SW,Sign on Post,79,Atlanta,,,-84.41820499999994,33.707827000000066
605,606,1717,136080,136080,SYLVAN RD SW@HARTE DR SW,Sign on Post,79,Atlanta,,,-84.41811999999999,33.70921400000003
606,607,1727,136140,136140,LANGSTON AVE@KATHERWOOD DR,Sign on Post,172,Atlanta,,,-84.42314899999997,33.71016800000007
607,608,1750,137056,137056,METROPOLITAN PKWY SW @ 1577,Shelter,95;295,Atlanta,,,-84.40771499999994,33.712053000000026
608,609,1967,146012,146012,RANDALL ST @ HOLCOMB AVE,Sign on Post,79,Fulton,,,-84.43360799999994,33.67397500000004
609,610,1968,146016,146016,RANDALL ST @ E WASHINGTON AVE,Sign on Post,79,Fulton,,,-84.43346899999995,33.67567600000007
610,611,1969,146024,146024,RANDALL ST @ HOLCOMB AVE,Sign on Post,79,Fulton,,,-84.43347799999998,33.674217000000056
611,612,1970,146026,146026,RN MARTIN ST @ RANDALL ST,Sign on Post,192,Fulton,,,-84.43363799999997,33.67209500000007
612,613,1971,146040,146040,CLEVELAND AVE @ RANDALL ST,Sign on Post,78,Fulton,,,-84.43352899999996,33.67943600000007
613,614,1972,146050,146050,MAIN ST @ WILLIAMS AVE,Sign on Post,93;193,Fulton,,,-84.44291799999996,33.671823000000074
614,615,1973,146052,146052,MAIN ST @ TAYLOR AVE,Sign on Post,93;193,Fulton,,,-84.44230999999996,33.67358000000007
615,616,1974,146054,146054,MAIN ST @ IRENE KIDD PKWY,Sign on Post,93;193,Fulton,,,-84.44169799999997,33.67510500000003
616,617,1975,146080,146080,WASHINGTON RD @ CHENEY ST,Bench,84;181,Fulton,,,-84.44702299999994,33.675797000000046
617,618,1976,146082,146082,WASHINGTON RD @ JONES ST,Bench,84;181,Fulton,,,-84.44886899999995,33.675883000000056
618,619,1977,146084,146084,WASHINGTON RD @ PEARL ST,Sign on Post,84;181,Fulton,,,-84.45037799999994,33.67551700000007
619,620,1978,146086,146086,WASHINGTON RD @ EIGHTH ST,Sign on Post,84;181,Fulton,,,-84.45162899999997,33.675065000000075
620,621,1979,146090,146090,WASHINGTON RD @ CLOVERHURST DR,Sign on Post,84;181,Fulton,,,-84.45431699999995,33.67377000000005
621,622,1989,146120,146120,WASHINGTON AVE @ EIGHTH ST,Sign on Post,84;181,Fulton,,,-84.45205299999998,33.67480800000004
622,623,1990,146122,146122,WASHINGTON RD @ PEARL ST,Bench,84;181,Fulton,,,-84.44995899999998,33.67555200000004
623,624,1991,146124,146124,WASHINGTON RD @ PARK ST,Sign on Post,84;181,Fulton,,,-84.44603899999998,33.675531000000035
624,625,1998,146230,146230,HEADLAND DR @ KIMMRIDGE DR,Shelter,81,Fulton,,,-84.45436399999994,33.68807100000004
625,626,1999,146232,146232,HEADLAND DR @ HILLCREST DR,Sign on Post,81,Fulton,,,-84.45211199999994,33.68595200000004
626,627,2000,146234,146234,HEADLAND DR @ WARREN WAY,Sign on Post,81,Fulton,,,-84.44999199999995,33.685077000000035
627,628,2001,146240,146240,HEADLAND DR@BROAD AVE,Sign Strapped to Pole,81,Fulton,,,-84.45368999999994,33.68793100000005
628,629,2002,146242,146242,NORMAN BERRY DR@SEMMES ST,Sign on Post,81,Fulton,,,-84.44711499999994,33.68602600000003
629,630,2003,146244,146244,NORMAN BERRY DR@LESTER ST,Sign on Post,81,Fulton,,,-84.44514899999996,33.685700000000054
630,631,2004,146246,146246,CONNALLY DR @ MAIN ST,Sign on Post,81;93,Fulton,,,-84.44086199999998,33.68567500000006
631,632,2005,146248,146248,MAIN ST @ W FORREST AVE,Sign on Post,81;93,Fulton,,,-84.44024599999995,33.68277800000004
632,633,2019,146296,146296,MAIN ST @ WILLIAMS AVE,Sign on Post,93;193,Fulton,,,-84.44306499999999,33.67187000000007
633,634,2020,146300,146300,MAIN ST @ LEGION WAY,Bench,93;193,Fulton,,,-84.44202699999994,33.674502000000075
634,635,2021,146308,146308,EAST POINT ST @ WARE AVE,Sign on Post,81;93,Fulton,,,-84.44152599999995,33.68184500000007
635,636,2022,146314,146314,WILLINGHAM DR @ E MAIN ST,Sign on Post,193,Fulton,,,-84.44242499999996,33.669895000000054
636,637,2023,146316,146316,WILLINGHAM DR @ PLANT ST,Sign on Post,193,Fulton,,,-84.44047199999994,33.66930300000007
637,638,2024,146318,146318,WILLINGHAM DR @ PLANT ST,Sign on Post,193,Fulton,,,-84.44038499999994,33.66941300000008
638,639,2025,146320,146320,WILLINGHAM DR @ E MAIN ST,Sign on Post,193,Fulton,,,-84.44228999999996,33.670060000000035
639,640,2026,146322,146322,IRENE KIDD PKWY @ CLEVELAND AVE,Sign on Post,78,Fulton,,,-84.43622199999999,33.67928100000006
640,641,2027,146330,146330,IRENE KIDD PKWY @ CENTRAL AVE,Sign on Post,78;79;192,Fulton,,,-84.43931299999997,33.67593900000003
641,642,2028,146332,146332,IRENE KIDD PKWY @ CENTRAL AVE,Shelter,78;79;192,Fulton,,,-84.44022399999994,33.67547300000007
642,643,2029,146334,146334,W FORREST AVE @ CHENEY ST,Sign on Post,81,Fulton,,,-84.44332799999995,33.68374700000004
643,644,2038,146378,146378,NORMAN BERRY DR@SEMMES ST,Sign on Post,81,Fulton,,,-84.44763599999999,33.68570600000004
644,645,2039,146380,146380,NORMAN BERRY DR@LESTER ST,Sign on Post,81,Fulton,,,-84.44557199999997,33.68546800000007
645,646,2042,146406,146406,W FORREST AVE @ CHURCH ST,Sign on Post,81,Fulton,,,-84.44177999999994,33.68307400000003
646,647,2046,146514,146514,HEADLAND DR @ HILLCREST DR,Sign on Post,81,Fulton,,,-84.45176999999995,33.68589100000003
647,648,2047,146516,146516,WASHINGTON RD @ SEMMES ST,Sign on Post,84;181,Fulton,,,-84.44760299999996,33.67577200000005
648,649,2048,146520,146520,W CLEVELAND AVE @ MAIN ST,Sign Strapped to Pole,81;93,Fulton,,,-84.44071499999995,33.679414000000065
650,651,2080,148038,148038,KING ARNOLD ST @ CLAIRE DR,Shelter,95;95,Fulton,,,-84.40502899999996,33.65830900000003
651,652,2081,148042,148042,KING ARNOLD ST @ FULTON AVE,Shelter,95,Fulton,,,-84.40797399999997,33.65974800000004
652,653,2082,148044,148044,KING ARNOLD ST @ DOGWOOD DR,Bench,95,Fulton,,,-84.40987499999994,33.66071900000003
653,654,2083,148046,148046,DOGWOOD DR@MARINA ST,Simme Seat,95,Fulton,,,-84.40943899999996,33.66191100000003
654,655,2084,148048,148048,DOGWOOD DR @ NORTH AVE,Shelter,95,Fulton,,,-84.40853299999998,33.66525000000007
655,656,2085,148050,148050,DOGWOOD DR @ LAKE DR,Sign on Post,95,Fulton,,,-84.40840799999995,33.66717200000005
656,657,2095,148094,148094,KING ARNOLD ST @ CENTRAL PARK DR,Shelter,95,Fulton,,,-84.40363099999996,33.657346000000075
657,658,2096,148096,148096,KING ARNOLD ST@SHERMAN RD,Sign on Post,95,Fulton,,,-84.40247499999998,33.65667300000007
658,659,2266,158004,158004,CLEVELAND AVE @ WINBURN TERR,Sign on Post,78,Fulton,,,-84.42887899999994,33.680683000000045
659,660,2267,158006,158006,PORSCHE AVE @ PERKINS ST,Sign on Post,193,Fulton,,,-84.40656199999995,33.65703800000006
660,661,2268,158008,158008,PORSCHE AVE @ PERKINS ST,Sign on Post,193,Fulton,,,-84.40699399999994,33.65746800000005
661,662,2269,158034,158034,CALHOUN AVE@1101,Sign on Post,79;79,Fulton,,,-84.42393999999996,33.672203000000025
662,663,2270,158044,158044,MARIA HEAD TER@CALHOUN AVE,Sign on Post,79;79,Fulton,,,-84.42392699999994,33.66989300000006
663,664,2271,158046,158046,CLEVELAND AVE @ WINBURN TER,Sign on Post,78;79,Fulton,,,-84.42909899999995,33.68051400000007
664,665,2272,158084,158084,CLEVELAND AVE @ BAYARD ST,Sign on Post,78,Fulton,,,-84.43108499999994,33.67953700000004
665,666,2275,158110,158110,SYLVAN RD @ BAKER DR,Sign on Post,172,Fulton,,,-84.41894199999996,33.67018400000006
666,667,2276,158112,158112,SYLVAN RD @ 3107,Sign on Post,172,Fulton,,,-84.41911899999997,33.668179000000066
667,668,2277,158114,158114,SYLVAN RD @ N CENTRAL AVE,Sign on Post,172,Fulton,,,-84.41876299999996,33.665815000000066
668,669,2278,158116,158116,SYLVAN RD @ N CENTRAL AVE,Sign on Post,172,Fulton,,,-84.41850499999998,33.66462900000005
669,670,2279,158118,158118,N CENTRAL AVE @ STILLWOOD DR,Bench,172,Fulton,,,-84.41570799999994,33.66278300000005
670,671,2280,158122,158122,BOBBY BROWN PKWY @ VIRGINIA AVE,Bench,192,Fulton,,,-84.42962399999999,33.65908300000007
671,672,2281,158124,158124,TOFFIE TER @ VIRGINIA AVE,Sign on Post,192,Fulton,,,-84.42956999999996,33.65885000000003
672,673,2282,158126,158126,N OUTER LOOP RD @ WOOLMAN PL,Sign on Post,192,Fulton,,,-84.42756999999995,33.65765200000004
673,674,2283,158128,158128,INNER LOOP RD@WOOLMAN PL,Sign Strapped to Pole,192,Atlanta,,,-84.42641899999995,33.65743800000007
674,675,2284,158136,158136,VIRGINIA AVE @ LANG AVE,Sign Strapped to Pole,172,Fulton,,,-84.42130999999995,33.65898900000008
675,676,2285,158138,158138,VIRGINIA AVE@ELKINS ST,Sign on Post,172,Fulton,,,-84.42011199999996,33.65882200000004
676,677,2286,158140,158140,VIRGINIA AVE @ ELKINS ST,Sign Strapped to Pole,172,Fulton,,,-84.42005199999994,33.65894700000007
677,678,2287,158142,158142,VIRGINIA AVE @ OAK RIDGE AVE,Sign Strapped to Pole,172,Fulton,,,-84.41820099999995,33.65877900000004
678,679,2288,158144,158144,VIRGINIA AVE @ OAK RIDGE AVE,Shelter,172,Fulton,,,-84.41818999999998,33.65892000000008
679,680,2289,158156,158156,N CENTRAL AVE @ STILLWOOD DR,Shelter,172,Fulton,,,-84.41661799999997,33.663406000000066
680,681,2290,158158,158158,N CENTRAL AVE @ SYLVAN RD,Shelter,172,Fulton,,,-84.41819699999996,33.66411500000004
681,682,2291,158160,158160,SYLVAN RD @ 3107,Sign on Post,172,Fulton,,,-84.41873999999996,33.668480000000045
682,683,2292,158162,158162,SYLVAN RD @ BAKER DR,Sign on Post,172,Fulton,,,-84.41885499999995,33.670112000000074
683,684,2305,158198,158198,DOGWOOD DR@GORDON CIR,Sign on Post,95,Fulton,,,-84.40862999999996,33.67038000000008
684,685,2306,158200,158200,DOGWOOD DR@OAK DR,Sign on Post,95,Fulton,,,-84.40864999999997,33.66861000000006
685,686,2307,158202,158202,DOGWOOD DR@COLEMAN ST,Sign on Post,95,Fulton,,,-84.40867999999995,33.66675900000007
686,687,2308,158208,158208,DOGWOOD DR@MARINA ST,Sign on Post,95,Fulton,,,-84.40935999999994,33.66248000000007
687,688,2309,158210,158210,DOGWOOD DR@KING ARNOLD ST,Sign on Post,95,Fulton,,,-84.40990299999999,33.66131400000006
688,689,2310,158212,158212,WILLINGHAM DR @ PENNSYLVANIA ST,Sign on Post,193,Fulton,,,-84.43234299999995,33.66666000000004
689,690,2311,158214,158214,WILLINGHAM DR @ BACHELOR AVE,Sign on Post,193,Fulton,,,-84.43074799999994,33.666157000000055
690,691,2312,158216,158216,WILLINGHAM DR @ BOBBY BROWN PKWY,Sign on Post,193,Fulton,,,-84.42856799999998,33.66545200000007
691,692,2313,158222,158222,WILLINGHAM DR @ 1053,Sign on Post,193,Fulton,,,-84.42439199999995,33.664323000000024
692,693,2314,158226,158226,WILLINGHAM DR @ COLVILLE AVE,Sign on Post,193,Fulton,,,-84.41771799999998,33.66272800000007
693,694,2315,158234,158234,S CENTRAL AVE @ FULTON AVE,Bench,193,Fulton,,,-84.40881799999994,33.65841300000005
694,695,2319,158260,158260,S CENTRAL AVE @ FULTON AVE,Bench,193,Fulton,,,-84.40897199999995,33.65855200000004
695,696,2320,158268,158268,WILLINGHAM DR @ COLVILLE AVE,Bench,193,Fulton,,,-84.41819499999997,33.66300700000005
696,697,2321,158272,158272,WILLINGHAM DR @ 1053,Sign on Post,193,Fulton,,,-84.42445499999997,33.66448900000006
697,698,2322,158280,158280,WILLINGHAM DR @ NORMAN BERRY DR,Simme Seat,193,Fulton,,,-84.42816299999998,33.665445000000034
698,699,2323,158282,158282,WILLINGHAM DR @ BACHELOR AVE,Sign on Post,193,Fulton,,,-84.43095999999997,33.666397000000075
699,700,2324,158284,158284,WILLINGHAM DR @ PENNSYLVANIA ST,Sign on Post,193,Fulton,,,-84.43215799999996,33.66676800000005
700,701,2325,158286,158286,CLEVELAND AVE @ RANDALL ST,Sign on Post,78,Fulton,,,-84.43341799999996,33.679523000000074
701,702,2326,158288,158288,CLEVELAND AVE @ BAYARD ST,Shelter,78,Fulton,,,-84.43204099999997,33.67951800000003
702,703,2338,158324,158324,DOGWOOD DR@NORTH AVE,Sign on Post,95,Fulton,,,-84.40866999999997,33.66541700000005
703,704,2340,158352,158352,DOGWOOD DR @ MORELAND WAY,Simme Seat,95,Fulton,,,-84.40851599999996,33.67026100000004
704,705,2341,158354,158354,DOGWOOD DR @ OAK DR,Shelter,95,Fulton,,,-84.40850799999998,33.66817100000003
705,706,2342,158364,158364,CLEVELAND AVE @ JEFFERSON TER,Sign on Post,78;79,Fulton,,,-84.42684099999997,33.681403000000046
706,707,2343,158366,158366,CLEVELAND AVE @ JEFFERSON TER,Shelter,78;79,Fulton,,,-84.42676499999999,33.68148300000007
707,708,2344,158372,158372,CLEVELAND AVE @ BLOUNT ST,Shelter,78;79,Fulton,,,-84.42357199999998,33.681414000000075
708,709,2345,158374,158374,CLEVELAND AVE @ BLOUNT ST,Shelter,78;79,Fulton,,,-84.42343099999994,33.68147700000003
709,710,2346,158378,158378,CLEVELAND AVE @ ELSINORE ST,Sign on Post,78;79,Fulton,,,-84.42001999999997,33.68134600000008
710,711,2347,158390,158390,VIRGINIA AVE@LANG AVE,Sign on Post,172,Atlanta,,,-84.42159999999996,33.65878500000008
711,712,2350,158406,158406,VIRGINIA AVE @ CLAY PL,Sign Strapped to Pole,172,Fulton,,,-84.41675699999996,33.65873600000003
712,713,2351,158408,158408,ATLANTA AVE @ COLLEGE ST,Shelter,172,Fulton,,,-84.41066999999998,33.65773900000005
713,714,2352,158410,158410,ATLANTA AVE @ COLLEGE ST,Bench,172,Fulton,,,-84.41058799999996,33.65767500000004
714,715,2353,158412,158412,DOUG DAVIS DR @ ATLANTA AVE,Sign on Post,172,Fulton,,,-84.41220799999996,33.65645600000005
715,716,2354,158414,158414,DOUG DAVIS DR @ VIRGINIA AVE,Sign on Post,172,Fulton,,,-84.41614199999998,33.658551000000045
716,717,2355,158416,158416,DOUG DAVIS DR @ CLAY PL,Sign on Post,172,Fulton,,,-84.41525799999994,33.657921000000044
717,718,2356,158418,158418,DOUG DAVIS DR @ ATLANTA AVE,Sign on Post,172,Fulton,,,-84.41231399999998,33.65648300000004
718,719,2359,158424,158424,SYLVAN RD @ N CENTRAL AVE,Sign on Post,172,Fulton,,,-84.41863999999998,33.66592200000008
719,720,2382,159160,159160,PORSCHE AVE @ TRADEPORT BLVD,Sign on Post,193,Atlanta,,,-84.39350699999994,33.65056400000003
720,721,2449,165117,165117,WASHINGTON RD @ EAST POINT ST,Shelter,84;181,Fulton,,,-84.44250499999998,33.675587000000064
721,722,2452,166014,166014,VIRGINIA AVE@HEMPHILL ST,Sign on Post,172,Fulton,,,-84.44988699999999,33.65969800000005
722,723,2454,166044,166044,VIRGINIA AVE@VICTORIA ST,Sign on Post,172,Fulton,,,-84.45276399999995,33.65966800000007
723,724,2455,166052,166052,VIRGINIA AVE@HEMPHILL ST,Sign on Post,172,Fulton,,,-84.44971999999996,33.659820000000025
724,725,2462,166068,166068,VIRGINIA AVE@CONLEY ST,Sign on Post,172,Fulton,,,-84.45411099999995,33.65988200000004
725,726,2463,166071,166071,MAIN ST @ W RUGBY AVE,Sign on Post,93,Fulton,,,-84.44642699999997,33.66258400000004
726,727,2464,166074,166074,MAIN ST @ MERCER AVE,Sign on Post,93,Fulton,,,-84.44560499999994,33.66480500000006
727,728,2465,166078,166078,MAIN ST @ VESTA AVE,Shelter,93,Fulton,,,-84.44456699999995,33.66748300000006
728,729,2466,166086,166086,VIRGINIA AVE @ LEE ST,Bench,172,Fulton,,,-84.43280799999997,33.65921800000007
729,730,2467,166088,166088,VIRGINIA AVE @ LEE ST,Bench,172,Fulton,,,-84.43330499999996,33.65904400000005
730,731,2468,166090,166090,VIRGINIA AVE@HARRISON RD,Sign on Post,172,Fulton,,,-84.43466299999994,33.659096000000034
731,732,2469,166092,166092,VIRGINIA AVE @ HARRISON RD,Shelter,172,Fulton,,,-84.43507399999999,33.65934800000008
732,733,2472,166098,166098,VIRGINIA AVE@MYRTLE ST,Sign on Post,172,Fulton,,,-84.44060499999995,33.65933200000006
733,734,2473,166100,166100,VIRGINIA AVE@MYRTLE ST,Sign on Post,172,Fulton,,,-84.44100399999996,33.659215000000074
734,735,2474,166102,166102,VIRGINIA AVE@ADAMS ST,Sign on Post,172,Fulton,,,-84.44210099999998,33.65935100000007
735,736,2475,166104,166104,VIRGINIA AVE@ADAMS ST,Sign on Post,172,Fulton,,,-84.44202499999994,33.65921400000008
736,737,2476,166106,166106,VIRGINIA AVE@JACKSON ST,Sign on Post,172,Fulton,,,-84.44348899999994,33.659286000000066
737,738,2477,166108,166108,VIRGINIA AVE@JACKSON ST,Sign on Post,172,Fulton,,,-84.44395899999995,33.65910100000008
738,739,2478,166110,166110,VIRGINIA AVE@LEE ST,Sign on Post,172,Fulton,,,-84.44496899999996,33.659264000000064
739,740,2479,166112,166112,VIRGINIA AVE@LEE ST,Sign on Post,172,Fulton,,,-84.44503199999997,33.65919300000007
740,741,2480,166122,166122,MAIN ST @ HAWTHORNE AVE,Sign on Post,93,Fulton,,,-84.44891699999994,33.65597800000006
741,742,2483,166152,166152,PRINCETON AVE @ MAIN ST,Sign on Post,172,Fulton,,,-84.44944399999997,33.654551000000026
742,743,2490,166168,166168,VIRGINIA AVE@CONLEY ST,Sign on Post,172,Fulton,,,-84.45399999999995,33.65994000000006
743,744,2491,166174,166174,MAIN ST @ HOWELL SLADE CIR,Sign on Post,93,Fulton,,,-84.44737999999995,33.66051600000003
744,745,2492,166178,166178,MAIN ST @ W RUGBY AVE,Sign on Post,93,Fulton,,,-84.44666599999994,33.66232500000007
745,746,2493,166182,166182,MAIN ST @ MERCER AVE,Sign on Post,93,Fulton,,,-84.44569299999995,33.66494900000004
746,747,2494,166186,166186,MAIN ST @ VESTA AVE,Bench,93,Fulton,,,-84.44465099999996,33.667714000000046
747,748,2495,166190,166190,WILLINGHAM DR @ ELM ST,Sign on Post,193,Fulton,,,-84.43717499999997,33.66823500000004
748,749,2496,166192,166192,WILLINGHAM DR @ HARRISON RD,Sign on Post,193,Fulton,,,-84.43449699999996,33.66739400000006
749,750,2497,166194,166194,WILLINGHAM DR @ HARRISON RD,Sign on Post,193,Fulton,,,-84.43432499999994,33.66746200000006
750,751,2498,166196,166196,WILLINGHAM DR @ CHERRY ST,Sign on Post,193,Fulton,,,-84.43712699999998,33.66836500000005
751,752,2754,210004,210004,MOURY AVE@PRYOR RD,Sign Strapped to Pole,42,Atlanta,,,-84.39301699999999,33.71695700000004
752,753,2785,210044,210044,MOURY AVE@PRYOR RD,Sign on Post,42,Atlanta,,,-84.39326699999998,33.71707300000003
753,754,2852,210134,210134,SYLVAN RD@GENESSEE AVE,Sign on Post,79,Atlanta,,,-84.41801999999996,33.71615200000008
754,755,2853,210135,210135,SYLVAN RD@ARDEN AVE,Sign on Post,79,Atlanta,,,-84.41811799999994,33.71710900000005
755,756,2854,210136,210136,SYLVAN RD @ DILL AVE,Sign on Post,79,Atlanta,,,-84.41796799999997,33.71817500000003
756,757,2855,210137,210137,SYLVAN RD@DILL AVE,Sign on Post,79,Atlanta,,,-84.41810899999996,33.71833600000008
757,758,2856,210140,210140,AVON AVE SW @ MURPHY AVE SW,Sign on Post,79,Atlanta,,,-84.42219999999998,33.722327000000064
758,759,2857,210141,210141,MURPHY AVE @ AVON AVE,Sign on Post,79,Atlanta,,,-84.42244099999994,33.722226000000035
759,760,2858,210142,210142,MURPHY AVE@DILL AVE,Sign on Post,79,Atlanta,,,-84.42405399999996,33.718886000000055
760,761,2859,210143,210143,MURPHY AVE SW @ DILL AVE SW,Sign on Post,79,Atlanta,,,-84.42369599999995,33.71950400000003
761,762,2897,210207,210207,N DECATUR RD @ LANTERN WOOD DR,Simme Seat,117,DeKalb,,,-84.24930799999998,33.78852400000005
762,763,2929,210379,210379,NORTHSIDE DR@TRABERT AVE,Sign on Post,37,Atlanta,,,-84.40780099999995,33.79389900000007
763,764,2930,210380,210380,NORTHSIDE DR NW @ GREEN ST NW,Sign on Post,37,Atlanta,,,-84.40790899999996,33.79319200000003
764,765,2933,210384,210384,GLENWOOD AVE SE @ BILL KENNEDY WAY SE,Shelter,107,Atlanta,,,-84.35709999999995,33.73970000000003
765,766,2940,210402,210402,ORMOND ST@HANK AARON DR,Sign on Post,49,Atlanta,,,-84.38784599999997,33.73181900000003
766,767,2941,210403,210403,NORMAN BERRY DR@LUMPKIN ST,Sign on Post,81,Fulton,,,-84.44901499999997,33.68543600000004
768,769,2945,210447,210447,HAMMOND DR@BROOKGREEN RD,Sign on Post,87,Fulton,,,-84.36751999999996,33.91898000000003
769,770,2951,210548,210548,AVONDALE STATION - E COLLEGE AVE (SOUTH),Shelter,114,DeKalb,,,-84.28223799999995,33.774493000000064
770,771,2952,210551,210551,IVAN ALLEN JR BLVD NW @ LUCKIE ST,Sign Strapped to Pole,51,Atlanta,,,-84.39598399999994,33.76472700000005
771,772,2953,210552,210552,IVAN ALLEN JR BLVD NW @ LUCKIE ST,Sign Strapped to Pole,51,Atlanta,,,-84.39565999999996,33.76449700000006
772,773,2954,210555,210555,PIEDMONT AVE  SE @ GILMER ST SE,Sign Strapped to Pole,21;42;49;55;107;186;813,Atlanta,,,-84.38415599999996,33.75254300000006
773,774,2955,210560,210560,IRENE KIDD PKWY @ HARRIS ST,Sign on Post,78,Fulton,,,-84.43561399999999,33.679362000000026
774,775,2957,210562,210562,PEACHTREE RD @ HIGHLAND DR,Sign Strapped to Pole,110,Atlanta,,,-84.36881399999999,33.845026000000075
775,776,2958,210563,210563,NORTHSIDE DR NW @ DEERING RD NW,Bench,37,Atlanta,,,-84.40797399999997,33.796370000000024
776,777,2961,210568,210568,TRINITY AVE SW @ TED TURNER DR SW,Sign Strapped to Pole,3;813,Atlanta,,,-84.39674299999996,33.75059300000004
777,778,2962,210570,210570,NORTHSIDE DR SW @ SPELMAN LN SW,Sign on Post,94,Atlanta,,,-84.40834599999994,33.74445400000008
778,779,2963,210571,210571,CHAPEL ST SW @ W WHITEHALL ST SW,Sign on Post,94,Atlanta,,,-84.40990999999997,33.74269900000007
779,780,2964,210572,210572,CHAPEL ST SW @ WESTVIEW DR SW,Sign on Post,94,Atlanta,,,-84.40987699999994,33.74296700000008
780,781,2965,210573,210573,NORTHSIDE DR SW @ SPELMAN LN SW,Sign on Post,94,Atlanta,,,-84.40799899999996,33.744687000000056
781,782,2966,210574,210574,NORTHSIDE DR SW @ MCDANIEL ST SW,Bench,94,Atlanta,,,-84.40658699999994,33.746147000000065
782,783,2967,210576,210576,NORTHSIDE DR SW @ FAIR ST SW,Sign on Post,94,Atlanta,,,-84.40437199999997,33.74904000000004
783,784,2968,210578,210578,WINDSOR ST@GLENN ST,Sign on Post,49,Atlanta,,,-84.39833999999996,33.738177000000064
784,785,2969,210579,210579,COOPER ST@GLENN ST,Sign on Post,49,Atlanta,,,-84.39701399999996,33.73805300000004
785,786,2970,210581,210581,MARIA HEAD TER @ NORMAN BERRY DR,Bench,79;79,Fulton,,,-84.42607699999996,33.669981000000064
786,787,2978,210616,210616,UNIVERSITY AVE@BOOKER AVE,Sign on Post,155,Atlanta,,,-84.39750999999995,33.722173000000055
787,788,2979,210617,210617,UNIVERSITY AVE@GARIBALDI ST,Sign on Post,155,Atlanta,,,-84.39919399999997,33.72217200000006
788,789,2984,210622,210622,UNIVERSITY AVE@GARIBALDI ST,Sign on Post,155,Atlanta,,,-84.39926999999994,33.722019000000046
789,790,2985,210623,210623,UNIVERSITY AVE@BOOKER AVE,Sign on Post,155,Atlanta,,,-84.39746599999995,33.72200300000003
790,791,2994,210659,210659,RALPH D ABERNATHY BLVD @ HUMPHRIE ST,Sign on Post,40;832,Atlanta,,,-84.40453799999995,33.73670800000008
791,792,2996,210665,210665,N CENTRAL AVE @ VIRGINIA AVE,Sign on Post,172,Fulton,,,-84.41381799999994,33.66166500000003
792,793,2997,210667,210667,N CENTRAL AVE @ DOGWOOD DR,Sign on Post,172,Fulton,,,-84.41079299999996,33.65992700000004
793,794,2998,210668,210668,N CENTRAL AVE @ VIRGINIA AVE,Bench,172,Fulton,,,-84.41388299999994,33.66179100000005
794,795,2999,210678,210678,17TH ST NW @ W PEACHTREE ST NW,Sign Strapped to Pole,37;94,Atlanta,,,-84.38781799999998,33.791754000000026
795,796,3000,210679,210679,17TH ST NE @ PEACHTREE ST NE,Sign Strapped to Pole,37;94,Atlanta,,,-84.38638299999997,33.79240000000004
796,797,3002,210710,210710,JACKSON ST NE @ OLD WHEAT ST NE,Sign on Post,3;899,Atlanta,,,-84.37427599999995,33.755895000000066
797,798,3016,210760,210760,RALPH MCGILL BLVD @ COURTLAND ST,Sign Strapped to Pole,816,Atlanta,,,-84.38415399999997,33.76434000000006
798,799,3017,210761,210761,RALPH MCGILL BLVD @ PIEDMONT AVE,Sign on Post,816,Atlanta,,,-84.38209899999998,33.76417100000003
799,800,3021,210769,210769,FLAT SHOALS AVE SE @ CAVANAUGH AVE SE,Sign on Post,32;74,Atlanta,,,-84.33706999999998,33.73122700000005
800,801,3022,210771,210771,NORTHSIDE DR@DEERING RD,Sign on Post,37,Atlanta,,,-84.40774899999997,33.79610100000008
801,802,3029,210786,210786,GLENWOOD AVE@TERRY MILL RD,Sign on Post,107,Atlanta,,,-84.32200599999999,33.73974000000004
802,803,3034,210800,210800,MEMORIAL DR@S HOWARD ST,Sign on Post,21,DeKalb,,,-84.32206599999995,33.74729200000007
803,804,3044,210833,210833,IVAN ALLEN JR BLVD NW @ LOVEJOY ST,Sign Strapped to Pole,51,Atlanta,,,-84.39314599999994,33.764729000000045
804,805,3045,210837,210837,MARIETTA ST @ SIMPSON ST,Sign on Post,26,Atlanta,,,-84.39710199999996,33.76333000000005
805,806,3051,210863,210863,PERIMETER CTR PL@PERIMETER CTR W,Sign on Post,150,DeKalb,,,-84.34137099999998,33.92736800000006
806,807,3052,210876,210876,14TH ST @ MCMILLAN ST,Sign on Post,14,Atlanta,,,-84.40428999999995,33.786177000000066
807,808,3053,210877,210877,14TH ST @ SNYDER ST,Sign on Post,14,Atlanta,,,-84.40126699999996,33.78614300000004
808,809,3054,210879,210879,14TH ST @ SNYDER ST,Sign on Post,14,Atlanta,,,-84.40183299999995,33.786241000000075
809,810,3055,210880,210880,14TH ST @ MCMILLAN ST,Sign on Post,14,Atlanta,,,-84.40423599999997,33.786249000000055
810,811,3056,210881,210881,14TH ST @ HEMPHILL AVE,Sign on Post,14,Atlanta,,,-84.40692299999995,33.78627400000005
811,812,3057,210882,210882,17TH ST NW @ BISHOP ST NW,Sign Strapped to Pole,37;94,Atlanta,,,-84.40573199999994,33.79157300000003
812,813,3058,210884,210884,17TH ST NW @ VILLAGE ST,Sign Strapped to Pole,37;94,Atlanta,,,-84.40268399999997,33.78975800000006
813,814,3059,210885,210885,17TH ST NW @ BISHOP ST NW,Sign Strapped to Pole,37,Atlanta,,,-84.40545999999995,33.79168100000004
814,815,3062,210900,210900,SYLVAN RD@AVON AVE,Sign on Post,79,Atlanta,,,-84.41789599999998,33.72205100000008
815,816,3063,210901,210901,SYLVAN RD@AVON AVE,Sign on Post,79,Atlanta,,,-84.41811299999995,33.72205100000008
816,817,3064,210902,210902,SYLVAN RD@COX AVE,Sign on Post,79,Atlanta,,,-84.41807799999998,33.719625000000065
817,818,3065,210903,210903,SYLVAN RD@ERIN AVE,Sign on Post,79,Atlanta,,,-84.41795799999994,33.71918600000004
818,819,3068,210907,210907,MAIN ST @ HOWELL SLADE CIR,Sign on Post,93,Fulton,,,-84.44730299999998,33.66037200000005
819,820,3069,210914,210914,N CENTRAL AVE @ N WHITNEY AVE,Sign on Post,172,Fulton,,,-84.41220999999996,33.660807000000034
820,821,3070,210915,210915,N CENTRAL AVE @ N WHITNEY AVE,Sign on Post,172,Fulton,,,-84.41237299999995,33.660825000000045
821,822,3078,210927,210927,IRENE KIDD PKWY @ GUS THORNHILL JR DR,Sign on Post,78,Fulton,,,-84.43701299999998,33.677696000000026
822,823,3079,210928,210928,IRENE KIDD PKWY @ GUS THORNHILL JR DR,Sign on Post,78,Fulton,,,-84.43693699999994,33.677598000000046
823,824,3084,210961,210961,MEMORIAL DR@COTTAGE GROVE AVE,Sign on Post,21,Atlanta,,,-84.30615699999998,33.74725700000005
824,825,3110,211021,211021,POLLARD BLVD SW@BILL LUCAS DR SW,Sign Strapped to Pole,49,Atlanta,,,-84.39080499999994,33.73444900000004
825,826,3111,211022,211022,POLLARD BLVD SW@BILL LUCAS DR SW,Sign on Post,49,Atlanta,,,-84.39089099999995,33.73422500000004
826,827,3115,211029,211029,HAYNES BRIDGE RD @ ROCK MILL RD,Sign on Post,141,Fulton,,,-84.28562099999994,34.05230700000004
827,828,3116,211030,211030,VIRGINIA AVE@HOWELL SLADE CIR,Sign on Post,172,Fulton,,,-84.44694399999997,33.65972800000003
828,829,3117,211031,211031,VIRGINIA AVE@HOWELL SLADE CIR,Sign on Post,172,Fulton,,,-84.44848599999995,33.65970000000004
829,830,3169,211116,211116,POLLARD BLVDSW@LITTLE ST SW,Sign Strapped to Pole,49,Atlanta,,,-84.39090099999999,33.73299000000003
830,831,3174,211124,211124,BILL KENNEDY WAY SE @ FAITH AVE SE,Shelter,107,Atlanta,,,-84.35826799999995,33.741990000000044
831,832,3175,211125,211125,DONALD L HOLLOWELL PKWY @ FINLEY AVE,Sign on Post,50,Atlanta,,,-84.42216499999995,33.77312200000006
832,833,3176,211126,211126,DONALD L HOLLOWELL PKWY @ FINLEY AVE,Sign on Post,50,Atlanta,,,-84.42247899999995,33.77331000000004
833,834,3193,211169,211169,UNIVERSITY AVE SW@71,Sign on Post,55,Atlanta,,,-84.38983699999994,33.72104900000005
834,835,3194,211170,211170,UNIVERSITY AVE SW@71,Sign on Post,55,Atlanta,,,-84.39004299999993,33.72105800000003
835,836,3204,211192,211192,CAMERON M ALEXANDER BLVD @ NORTHSIDE DR,Sign on Post,50,Atlanta,,,-84.40491399999996,33.76819500000005
836,837,3221,211234,211234,VIRGINIA AVE@COLLEGE ST,Sign on Post,172,Fulton,,,-84.45140699999996,33.65969700000005
837,838,3222,211235,211235,VIRGINIA AVE@COLLEGE ST,Sign on Post,172,Fulton,,,-84.45120099999997,33.65984000000003
838,839,3231,211309,211309,UNIVERSITY AVE SW @ PRYOR RD SW,Sign on Post,55,Atlanta,,,-84.39242499999995,33.721407000000056
839,840,3235,211322,211322,OGLETHROPE AVE SW @ EVANS ST SW,Sign Strapped to Pole,68;81,Atlanta,,,-84.41496699999999,33.73591000000005
840,841,3237,211325,211325,MURPHY AVE SW @ ARDEN AVE SW,Sign on Post,172,Atlanta,,,-84.42475799999994,33.71711300000004
841,842,3242,211331,211331,MT VERNON RD @ VERNON RIDGE DR,Sign on Post,150,DeKalb,,,-84.32633599999997,33.947898000000066
842,843,3243,211333,211333,N INDIAN CREEK DR @ ROCKBRIDGE RD,Sign on Post,125,DeKalb,,,-84.23671699999994,33.785678000000075
843,844,3247,211339,211339,VIRGINIA AVE @ NORMAN BERRY DR,Sign on Post,172,Fulton,,,-84.42874199999994,33.659088000000054
844,845,3248,211340,211340,VIRGINIA AVE @ NORMAN BERRY DR,Shelter,172,Fulton,,,-84.42837499999996,33.65897600000005
845,846,3259,211352,211352,2ND AVE SE @ GLENWOOD AVE SE,Sign on Post,34,Atlanta,,,-84.30975599999994,33.74039200000004
846,847,3269,211390,211390,FLAT SHOALS AVE SE @ CLOVERDALE DR SE,Sign on Post,32;74,Atlanta,,,-84.33823299999995,33.73214900000005
847,848,3270,211392,211392,FLAT SHOALS RD SE@FLAT SHOALS AVE S,Sign on Post,74,Atlanta,,,-84.33633099999997,33.730770000000064
848,849,3271,211393,211393,FLAT SHOALS RD SE@MAYNARD TER SE,Sign on Post,74,Atlanta,,,-84.33564599999994,33.73065400000007
849,850,3272,211394,211394,FLAT SHOALS RD SE@WINFIELD AVE SE,Sign on Post,74,Atlanta,,,-84.33390699999995,33.73071700000003
850,851,3273,211395,211395,FLAT SHOALS RD SE@WINFIELD AVE SE,Sign on Post,74,Atlanta,,,-84.33385299999998,33.730788000000075
851,852,3274,211396,211396,FLAT SHOALS RD SE @ PAOLI AVE SE,Sign on Post,74,Atlanta,,,-84.33077599999996,33.73083400000007
852,853,3275,211397,211397,FLAT SHOALS RD SE@ROCKLAND DR SE,Sign on Post,74,Atlanta,,,-84.33023399999996,33.730511000000035
853,854,3277,211399,211399,UNITED AVE @ WALKER AVE SE,Sign on Post,832,Atlanta,,,-84.35966299999995,33.72703300000006
854,855,3278,211400,211400,UNITED AVE @ WALKER AVE SE,Sign on Post,832,Atlanta,,,-84.35961899999995,33.72689900000006
855,856,3279,211401,211401,UNITED AVE SE @ TRESTLETREE CT,Bench,832,Atlanta,,,-84.36233599999997,33.727396000000056
856,857,3280,211402,211402,UNITED AVE @ EDIE AVE SE,Sign on Post,832,Atlanta,,,-84.36342199999996,33.727464000000055
857,858,3281,211403,211403,UNITED AVE @ HOME AVE SE,Sign on Post,832,Atlanta,,,-84.36448899999994,33.72943900000007
858,859,3298,211426,211426,VIRGINIA AVE @ INTERNATIONAL BLVD,Shelter,172,Fulton,,,-84.42282699999998,33.65897200000006
859,860,3301,211432,211432,MT VERNON RD @ CHAMBLEE DUNWOODY RD,Sign on Post,150,Fulton,,,-84.33443099999994,33.94590100000005
860,861,3303,211440,211440,NORMAN BERRY DR @ S MARTIN ST,Sign on Post,192,Fulton,,,-84.42825699999997,33.66892700000005
861,862,3304,211442,211442,NORMAN BERRY DR @ WILLINGHAM DR,Sign on Post,192,Fulton,,,-84.42837299999997,33.66552900000005
862,863,3308,211449,211449,10TH ST NE @ CHARLES ALLEN DR,Sign on Post,36,Atlanta,,,-84.37289999999996,33.781728000000044
863,864,3310,211451,211451,WASHINGTON RD @ CHURCH ST,Sign on Post,84;181,Fulton,,,-84.44472099999996,33.67562000000004
864,865,3312,211456,211456,NORTHSIDE DR NW @ NORTH AVE NW,Sign on Post,50;94,Atlanta,,,-84.40466499999997,33.76969800000006
865,866,3313,211457,211457,MCDANIEL ST SW @ NORTHSIDE DR SW,Shelter,813,Atlanta,,,-84.40608699999996,33.745825000000025
866,867,3314,211458,211458,NORTHSIDE DR @ NORTH AVE,Sign on Post,50;94,Atlanta,,,-84.40477399999997,33.76972500000005
867,868,3317,211461,211461,MCDANIEL ST @ NORTHSIDE DR,Sign on Post,813,Atlanta,,,-84.40640199999996,33.74622800000003
868,869,3321,211465,211465,PETERS ST SW @ TRENHOLM ST,Sign on Post,813,Atlanta,,,-84.40395399999994,33.74555700000008
869,870,3322,211466,211466,PETERS ST SW@ WALKER ST SW,Sign on Post,813,Atlanta,,,-84.40352099999996,33.74572900000004
871,872,3330,211483,211483,MEMORIAL DR @ 5019 (GPTC - NORTH ENTRANCE),Bench,121;221,DeKalb,,,-84.22853899999996,33.792099000000064
872,873,3336,211491,211491,BOULEVARD NE @ NORTH AVE NE,Sign on Post,809,Atlanta,,,-84.37166499999995,33.77107700000005
873,874,3347,211504,211504,ENGLISH AVE NW @ PELHAM ST NW,Sign on Post,50,Atlanta,,,-84.41350699999998,33.771393000000046
874,875,3348,211505,211505,ENGLISH AVE NW @ NORTH AVE NW,Sign on Post,50,Atlanta,,,-84.41350599999998,33.770140000000026
875,876,3349,211506,211506,ENGLISH AVE NW @ CAMERON M ALEXANDER BLVD,Sign on Post,50,Atlanta,,,-84.41350399999999,33.768323000000066
876,877,3361,211522,211522,VIRGINIA AVE @ DELTA BLVD,Sign Strapped to Pole,172,Atlanta,,,-84.42305499999998,33.658874000000026
877,878,3363,211524,211524,PONCE DE LEON AVE @ N HIGHLAND AVE,Sign on Post,2;102,Atlanta,,,-84.35306699999995,33.77391600000004
878,879,3367,211528,211528,GEORGIA AVE SE @ GRANT ST SE,Sign Strapped to Pole,832,Atlanta,,,-84.37618799999996,33.736605000000054
879,880,3368,211529,211529,GEORGIA AVE SE @ CHEROKEE AVE SE,Sign on Post,832,Atlanta,,,-84.37370999999996,33.73656100000005
880,881,3369,211531,211531,SYLVAN RD SW @ DECKNER AVE SW,Sign on Post,79,Atlanta,,,-84.41817999999995,33.71390500000007
881,882,3373,211538,211538,2ND AVE SE @ GLENWOOD AVE SE,Sign on Post,34,Atlanta,,,-84.30964799999998,33.74043700000004
882,883,3388,211560,211560,MEMORIAL DR @ RAYS RD,Shelter,121,DeKalb,,,-84.22030999999998,33.798759000000075
883,884,3390,211563,211563,17TH ST NW @ NORTHSIDE DR NW,Shelter,37;94,Atlanta,,,-84.40741699999995,33.79135700000006
884,885,3394,211572,211572,MARIETTA ST NW @ 491,Sign on Post,26,Atlanta,,,-84.39768499999997,33.76661000000007
885,886,3395,211573,211573,LUCKIE ST NW @ MERRITTS AVE,Sign Strapped to Pole,51,Atlanta,,,-84.39603099999994,33.76888100000008
886,887,3397,211575,211575,BOULEVARD SE @ DELMAR AVE,Sign on Post,9,Atlanta,,,-84.36824399999995,33.73212200000006
887,888,3398,211576,211576,LUCKIE ST NW @ MERRITTS AVE,Sign on Post,51,Atlanta,,,-84.39616299999994,33.76907700000004
888,889,3402,211584,211584,ORMOND ST @ CREW ST SW,Sign on Post,49,Atlanta,,,-84.38947599999995,33.731746000000044
889,890,3408,211595,211595,MAIN ST @ E MOUNTAIN ST,Sign Strapped to Pole,119,DeKalb,,,-84.17063199999996,33.80850900000007
890,891,3409,211596,211596,MAIN ST @ JAMES B RIVERS MEMORIAL,Sign on Post,119,DeKalb,,,-84.17109599999998,33.81146700000005
891,892,3411,211600,211600,MEMORIAL DR @ 6130,Sign Strapped to Pole,119,DeKalb,,,-84.18875299999996,33.80526000000003
892,893,3416,211605,211605,JOHNSON FERRY RD @ JOHNSON FERRY PKWY,Sign on Post,825,Fulton,,,-84.35114599999997,33.90681100000006
893,894,3424,211622,211622,BOULEVARD SE @ CHAMBERLAIN ST SE,Sign on Post,809,Atlanta,,,-84.37208999999996,33.75376600000004
894,895,3425,211623,211623,BOULEVARD SE @ EDGEWOOD AVE SE,Sign on Post,809,Atlanta,,,-84.37211099999996,33.754200000000026
895,896,3426,211631,211631,BOULEVARD SE @ DECATUR ST SE,Sign on Post,809,Atlanta,,,-84.37128399999995,33.75160900000003
896,897,3427,211632,211632,BOULEVARD SE @ DECATUR ST SE,Sign on Post,809,Atlanta,,,-84.37083799999994,33.751761000000045
897,898,3430,211645,211645,PEACHTREE ST @ WALL ST (FIVE POINTS STATION),Sign on Post,3;40,Atlanta,,,-84.39037699999994,33.753570000000025
898,899,3431,211647,211647,AUBURN POINTE DR @ VERANDA CIR,Sign on Post,899,Atlanta,,,-84.37765399999995,33.751284000000055
899,900,3443,211666,211666,2ND AVE NE @ HOSEA L WILLIAMS DR NE,Sign Strapped to Pole,34,Atlanta,,,-84.30967799999996,33.75133100000005
900,901,3448,211675,211675,JACKSON ST NE @ OLD WHEAT ST NE,Sign on Post,3;899,Atlanta,,,-84.37437399999999,33.75594000000007
901,902,3460,211690,211690,MCDANIEL ST @ RALPH D ABERNATHY BLVD,Sign on Post,40,Atlanta,,,-84.40154299999995,33.73747800000007
902,903,3462,211693,211693,STEPHENS ST SW @ HUMPHRIES ST SW,Sign on Post,155,Atlanta,,,-84.40519499999994,33.73456500000003
903,904,3463,211694,211694,HUMPHRIES ST SW @ STEPHENS ST SW,Sign on Post,155,Atlanta,,,-84.40528199999994,33.73456500000003
904,905,3464,211695,211695,HUMPHRIES ST @ RALPH D ABERNATHY BLVD,Sign Strapped to Pole,155,Atlanta,,,-84.40467499999994,33.736436000000026
905,906,3466,211698,211698,UNITED AVE @ AVONDALE AVE,Bench,832,Atlanta,,,-84.36187999999999,33.72721100000007
906,907,3468,211700,211700,STEPHENS ST SW @ COLEMAN ST SW,Sign on Post,155,Atlanta,,,-84.40384699999998,33.73457500000006
907,908,3469,211701,211701,STEPHENS ST SW @ COLEMAN ST SW,Sign on Post,155,Atlanta,,,-84.40379299999995,33.73450400000007
908,909,3472,211704,211704,GLENWOOD AVE @ FAYETTEVILLE RD,Sign on Post,24;107,Atlanta,,,-84.31106099999994,33.74012400000004
909,910,3476,211714,211714,GEORGIA AVE @ HANK AARON DR,Sign Strapped to Pole,832,Atlanta,,,-84.38776299999995,33.73690300000004
910,911,3477,211715,211715,MARIETTA ST @ BAKER ST NW,Sign Strapped to Pole,26,Atlanta,,,-84.39605699999998,33.76133500000003
911,912,3483,211727,211727,WINN WAY @ RUFUS EVANS DR,Shelter,117,DeKalb,,,-84.28097099999997,33.79183100000006
912,913,3484,211728,211728,POLLARD BLVD @ RALPH D ABERNATHY BLVD,Sign Strapped to Pole,49,Atlanta,,,-84.39089299999995,33.736248000000046
913,914,3489,211870,211870,MAIN ST @ W CLEVELAND AVE,Shelter,81;93,Fulton,,,-84.44012199999997,33.67959100000007
914,915,3495,211878,211878,MORELAND AVE NE @ 326,Sign on Post,6;102,Atlanta,,,-84.34928499999995,33.76344000000006
915,916,3499,211882,211882,DEKALB INDUSTRIAL WAY @ RIMINGTON LN,Sign on Post,75,DeKalb,,,-84.27628299999998,33.78514700000005
916,917,3522,211910,211910,WINN WAY @ 445,Shelter,117,DeKalb,,,-84.27928399999996,33.78649100000007
917,918,3524,211912,211912,PORSCHE AVE @ SOUTH ST,Sign on Post,193,Fulton,,,-84.40396299999998,33.65551000000005
918,919,3525,211913,211913,PORSCHE AVE @ SOUTH ST,Sign on Post,193,Fulton,,,-84.40400199999993,33.65565300000003
919,920,3528,211916,211916,NORTHSIDE DR NW @ TRABERT AVE NW,Sign on Post,37,Atlanta,,,-84.40788899999995,33.794839000000024
920,921,3533,211922,211922,W MOUNTAIN ST @ VFW DR,Sign on Post,119,DeKalb,,,-84.17505499999999,33.80676500000004
921,922,3534,211923,211923,W MOUNTAIN ST @ VFW DR,Sign on Post,119,DeKalb,,,-84.17501099999998,33.80689000000007
922,923,3548,211942,211942,DEKALB INDUSTRIAL WAY @ 766,Sign on Movable Pedestal,75;123,DeKalb,,,-84.28030499999994,33.798984000000075
923,924,3549,211944,211944,ACADEMY ST @ MARKET ST,Sign on Post,141,Fulton,,,-84.29338499999994,34.07554200000004
924,925,3555,211954,211954,DECATUR ST @ PRATT ST SE,Sign on Post,26,Atlanta,,,-84.38308799999999,33.74984000000006
925,926,3556,211955,211955,14TH ST NE @ 14TH PL,Sign on Post,27,Atlanta,,,-84.37946099999994,33.786415000000034
926,927,3557,211956,211956,14TH ST NE @ 14TH PL,Sign Strapped to Pole,27,Atlanta,,,-84.37946099999994,33.78653200000008
927,928,3558,211958,211958,ORMOND ST SW @ POLLARD BLVD,Sign Strapped to Pole,49,Atlanta,,,-84.39061799999996,33.731844000000024
928,929,3568,211970,211970,RALPH MCGILL BLVD @ 760,Sign on Post,816,Atlanta,,,-84.36180099999996,33.76711500000005
929,930,3569,211972,211972,17TH ST NW @ STATE ST NW,Bench,37;94,Atlanta,,,-84.39947699999999,33.79135400000007
930,931,3573,211976,211976,2ND AVE SE @ MEMORIAL DR SE,Sign on Post,34,Atlanta,,,-84.30966799999999,33.74714200000005
931,932,3595,212002,212002,NORTH AVE NW @ STATE ST NW,Sign Strapped to Pole,50,Atlanta,,,-84.39897999999994,33.77117000000004
932,933,3596,212003,212003,LUCILE AVE SW @ RALPH D ABERNATHY BLVD,Sign on Post,58,Atlanta,,,-84.43708399999997,33.74285400000008
933,934,3598,212005,212005,HAYNES BRIDGE RD @ OLD MILTON PKWY,Sign on Post,141,Fulton,,,-84.29380199999997,34.07122100000004
934,935,3604,212015,212015,SYLVAN RD SW @ KATHERWOOD DR SW,Sign on Post,79,Atlanta,,,-84.41812199999998,33.71118300000006
935,936,3605,212016,212016,JOSEPH E BOONE BLVD @ EDWARDS ST NW,Sign on Post,51,Atlanta,,,-84.40359199999995,33.76351600000004
936,937,3607,212020,212020,PEACHTREE ST NE @ JOHN WESLEY DOBBS AVE NE,Sign Strapped to Pole,40,Atlanta,,,-84.38805199999996,33.756939000000045
937,938,3614,212028,212028,N DECATUR RD @ 2920,Sign on Post,117,DeKalb,,,-84.27376499999997,33.79380100000003
938,939,3615,212029,212029,PONCE DE LEON AVE NE @ JUNIPER ST NE,Shelter,2;102;899,Atlanta,,,-84.38349699999998,33.772361000000046
939,940,3626,212044,212044,BILL KENNEDY WAY SE @ FAITH AVE SE,Bench,107,Atlanta,,,-84.35812599999997,33.74191900000005
940,941,3629,212047,212047,2ND AVE SE @ ALSTON DR SE,Sign on Post,34,Atlanta,,,-84.30976599999997,33.74531600000006
941,942,3632,212050,212050,OLD MILTON PKWY @ 2365,Sign on Post,185,Fulton,,,-84.29050199999995,34.07040100000006
942,943,3633,212051,212051,OLD MILTON PKWY @ 2400,Sign on Post,185,Fulton,,,-84.28998899999993,34.070624000000066
943,944,3638,212059,212059,PORSCHE AVE @ PORSCHE DR,Sign Strapped to Pole,193,Atlanta,,,-84.39884999999998,33.65307300000006
944,945,3639,212060,212060,PORSCHE AVE @ PORSCHE DR,Bench,193,Fulton,,,-84.39951499999995,33.65331000000003
945,946,3770,212210,212210,GEORGIA AVE SE @ CHEROKEE AVE SE,Sign Strapped to Pole,832,Atlanta,,,-84.37406799999997,33.736650000000054
946,947,3771,212211,212211,GEORGIA AVE SE @ HILL ST SE,Sign on Post,832,Atlanta,,,-84.37836199999998,33.73673800000006
947,948,3786,212229,212229,MITCHELL ST SW @ NORTHSIDE DR SW,Sign on Post,3,Atlanta,,,-84.40312699999998,33.75390100000004
948,949,3988,212551,212551,S CENTRAL AVE @ VIRGINIA AVE,Bench,193,Fulton,,,-84.41427799999997,33.66146800000007
949,950,3989,212552,212552,S CENTRAL AVE @ DOGWOOD DR,Sign on Post,193,Fulton,,,-84.41102299999994,33.65954800000003
950,951,3990,212553,212553,PORSCHE AVE @ TRADEPORT BLVD,Sign on Post,193,Atlanta,,,-84.39360599999998,33.65087200000005
951,952,3991,212554,212554,S CENTRAL AVE @ DOGWOOD DR,Sign on Post,193,Fulton,,,-84.41114399999998,33.65982100000008
952,953,3992,212555,212555,S CENTRAL AVE @ VIRGINIA AVE,Bench,193,Fulton,,,-84.41375999999997,33.66131800000005
953,954,4026,212604,212604,MT VERNON HWY NE @ ROSWELL RD NE,Sign on Post,148,Fulton,,,-84.37913199999997,33.92407300000008
954,955,4027,212605,212605,MT VERNON HWY NE @ BLUE STONE RD,Sign on Post,148,Fulton,,,-84.38197599999995,33.92366200000004
955,956,4029,212607,212607,MT VERNON HWY NE @ HUNTING CREEK RD NE,Sign Strapped to Pole,148,Fulton,,,-84.37442599999997,33.92434300000008
956,957,4030,212608,212608,MT VERNON HWY NE @ VERNON WOODS DR NE,Sign on Post,148,Fulton,,,-84.36989399999999,33.92542800000007
957,958,4031,212609,212609,MT VERNON HWY NE @ GLENRIDGE DR NE,Sign on Post,148,Fulton,,,-84.36700799999994,33.92669100000006
958,959,4032,212610,212610,MT VERNON HWY NE @ BARFIELD RD NE,Sign on Post,148,Fulton,,,-84.35994799999997,33.92913600000003
959,960,4033,212611,212611,MT VERNON HWY NE @ CRESTLINE PKY NE,Sign Strapped to Pole,148,Fulton,,,-84.35629899999998,33.93035400000008
960,961,4034,212612,212612,MT VERNON HWY NE @ CRESTLINE PKY NE,Sign on Post,148,Fulton,,,-84.35653899999994,33.93045300000006
961,962,4035,212613,212613,MT VERNON HWY NE @ BARFIELD RD NE,Sign on Post,148,Fulton,,,-84.36102699999998,33.92889400000007
962,963,4036,212614,212614,MT VERNON HWY NE @ GLENRIDGE DR NE,Sign Strapped to Pole,148,Fulton,,,-84.36750899999998,33.92652100000004
963,964,4037,212615,212615,MT VERNON HWY NE @ VERNON WOODS DR NE,Sign Strapped to Pole,148,Fulton,,,-84.37006799999995,33.92544600000008
964,965,4038,212616,212616,MT VERNON HWY NE @ HUNTING CREEK RD NE,Sign on Post,148,Fulton,,,-84.37504699999994,33.92442300000005
965,966,4045,212624,212624,MT VERNON HWY NE @ BLUE STONE RD NE,Sign on Post,148,Fulton,,,-84.38149899999996,33.92382100000003
966,967,4157,212748,212748,HAYNES BRIDGE RD @ CAMPION PATH,Sign on Post,141,Fulton,,,-84.29166199999997,34.07357200000007
967,968,4203,212796,212796,ATLANTA AVE SE @ BOULEVARD SE,Sign on Post,832,Atlanta,,,-84.36868499999997,33.73010900000003
968,969,4204,212797,212797,ATLANTA AVE SE @ BOULEVARD SE,Sign on Post,832,Atlanta,,,-84.36903199999995,33.73021600000004
969,970,4205,212798,212798,ATLANTA AVE SE @ MARION AVE SE,Sign on Post,832,Atlanta,,,-84.36547899999994,33.73036100000007
970,971,4206,212799,212799,ATLANTA AVE SE @ MARION AVE SE,Sign on Post,832,Atlanta,,,-84.36554399999994,33.73043300000006
971,972,4267,212877,212877,N AVONDALE RD @ N CLARENDON AVE,Sign Strapped to Pole,8,DeKalb,,,-84.26715399999995,33.77629900000005
972,973,4274,212884,212884,HAYNES BRIDGE RD @ OLD MILTON PKWY,Sign on Post,141,Fulton,,,-84.29345999999998,34.06959600000005
973,974,4275,212885,212885,HAYNES BRIDGE RD @ TIFFANY SQ,Sign on Post,141,Fulton,,,-84.29128999999995,34.073750000000075
974,975,4276,212886,212886,OLD MILTON PKWY @ HAYNES BRIDGE RD,Sign on Post,185,Fulton,,,-84.29518499999995,34.070921000000055
975,976,4291,212904,212904,COMMERCE DR @ CHURCH ST,Sign on Post,36;123,DeKalb,,,-84.29519899999997,33.77785800000004
976,977,4293,212906,212906,OLD MILTON PKWY @ PARK ST,Shelter,185,Fulton,,,-84.28506599999997,34.06980900000008
977,978,4313,212934,212934,WESTVIEW PL SW @ MIMS ST SW,Sign on Post,813,Atlanta,,,-84.43461399999995,33.74887200000006
978,979,4314,212935,212935,MIMS ST SW @ MATHEWSON PL SW,Sign on Post,813,Atlanta,,,-84.43636599999996,33.749667000000045
979,980,4315,212936,212936,WESTVIEW PL SW @ MIMS ST SW,Sign on Post,813,Atlanta,,,-84.43469099999999,33.749176000000034
980,981,4316,212937,212937,TATNALL ST @ MARTIN L KING JR DR,Sign on Post,3,Atlanta,,,-84.40724799999998,33.754507000000046
981,982,4317,212938,212938,TATNALL ST @ WALNUT ST,Sign on Post,3,Atlanta,,,-84.40697599999999,33.75406900000007
982,983,4318,212939,212939,MITCHELL ST @ NORTHSIDE DR,Sign on Post,3,Atlanta,,,-84.40312699999998,33.75380300000006
983,984,4320,212945,212945,MAIN ST @ JOHN CALVIN AVE,Sign on Post,93,Fulton,,,-84.44816899999995,33.65817800000008
984,985,4324,212950,212950,MAIN ST @ 3647,Sign on Post,93,Fulton,,,-84.44909799999994,33.655980000000056
985,986,4333,212959,212959,N DECATUR RD @ CHURCH ST,Sign on Post,36,DeKalb,,,-84.28582799999998,33.79213200000004
986,987,4345,212971,212971,EDGEWOOD AVE @ JESSE HILL JR DR,Sign Strapped to Pole,3,Atlanta,,,-84.38072199999993,33.754451000000074
987,988,4349,212975,212975,HAYNES BRIDGE RD @ 11405,Sign on Post,141,Fulton,,,-84.28850999999997,34.05949300000003
988,989,4351,212977,212977,E TRINITY PL @ CHURCH ST,Shelter,15,DeKalb,,,-84.29505799999998,33.77276900000004
989,990,4367,212994,212994,W HOWARD AVE @ ADAIR ST,Sign on Post,19,DeKalb,,,-84.30657299999996,33.766811000000075
990,991,4368,212995,212995,W HOWARD AVE @ DREXEL AVE,Sign on Post,19,DeKalb,,,-84.30884899999995,33.76612700000004
991,992,4369,212996,212996,W HOWARD AVE @ PADEN CIR,Sign on Post,19,DeKalb,,,-84.31242599999996,33.76550000000003
992,993,4370,212997,212997,W HOWARD AVE @ PADEN CIR,Sign on Post,19,DeKalb,,,-84.31222199999996,33.76536100000004
993,994,4371,212998,212998,E LAKE RD @ PADEN CIR,Sign on Post,2,DeKalb,,,-84.31218699999994,33.766512000000034
994,995,4372,212999,212999,E LAKE DR @ PADEN CIR,Sign on Post,2,DeKalb,,,-84.31182799999993,33.76622500000008
995,996,4373,213000,213000,E LAKE RD @ RIDGECREST RD,Sign on Post,2,DeKalb,,,-84.31707899999998,33.76756000000006
996,997,4374,213001,213001,E LAKE RD @ RIDGECREST RD,Sign on Post,2,DeKalb,,,-84.31687299999999,33.76754200000005
997,998,4396,213028,213028,BOULEVARD NE @ PONCE DE LEON AVE,Sign on Post,102;809,Atlanta,,,-84.37113399999998,33.773360000000025
998,999,4399,213032,213032,N DECATUR RD @ N INDIAN CREEK DR,Bench,117,DeKalb,,,-84.23685799999998,33.78562500000004
999,1000,4404,213037,213037,MARIETTA ST @ CENTENNIAL OLYMPIC PARK DR,Sign Strapped to Pole,26,Atlanta,,,-84.39343299999996,33.75786400000004
1000,1001,4407,213042,213042,S CANDLER ST @ E COLLEGE AVE,Sign on Post,15,DeKalb,,,-84.29268999999994,33.77023200000008
1001,1002,4408,213044,213044,JACKSON ST @ EDGEWOOD AVE,Sign on Post,3;899,Atlanta,,,-84.37443799999994,33.75457000000006
1002,1003,4417,213054,213054,N HIGHLAND AVE NE @ PONCE DE LEON AVE NE,Sign on Post,102;816,Atlanta,,,-84.35259399999995,33.77341100000007
1003,1004,4430,213068,213068,FLAT SHOALS AVE @ CLOVERDALE DR,Sign on Post,32;74,Atlanta,,,-84.33791799999995,33.73198800000006
1004,1005,4431,213069,213069,NORTHSIDE DR NW @ IVAN ALLEN JR BLVD NW,Sign on Post,94,Atlanta,,,-84.40303899999998,33.763855000000035
1005,1006,4432,213070,213070,NORTHSIDE DR NW @ JOSEPH E BOONE BLVD NW,Sign on Post,94,Atlanta,,,-84.40284299999996,33.763022000000035
1006,1007,4433,213071,213071,NORTHSIDE DR NW @ 10TH ST NW,Sign on Post,94,Atlanta,,,-84.40736099999998,33.782028000000025
1007,1008,4434,213072,213072,NORTHSIDE DR NW @ 10TH ST NW,Shelter,94,Atlanta,,,-84.40766699999995,33.781825000000026
1008,1009,4435,213074,213074,NORTHSIDE DR NW @ CAMERON M ALEXANDER BLVD NW,Sign on Post,94,Atlanta,,,-84.40470799999997,33.768053000000066
1009,1010,4436,213075,213075,NORTHSIDE DR NW @ CAMERON M ALEXANDER BLVD NW,Bench,94,Atlanta,,,-84.40490299999999,33.767953000000034
1010,1011,4437,213076,213076,NORTHSIDE DR @ DONALD L HOLLOWELL PKWY,Sign on Post,94,Atlanta,,,-84.40860499999997,33.77301900000003
1011,1012,4438,213078,213078,NORTHSIDE DR NW @ MARIETTA ST NW,Sign on Post,94,Atlanta,,,-84.40747699999997,33.77544300000005
1012,1013,4439,213079,213079,NORTHSIDE DR NW @ MARIETTA ST NW,Sign on Post,94,Atlanta,,,-84.40698799999996,33.775792000000024
1013,1014,4440,213080,213080,NORTHSIDE DR NW @ 14TH ST NW,Sign on Post,94,Atlanta,,,-84.40736899999996,33.78648800000008
1014,1015,4441,213081,213081,NORTHSIDE DR NW @ 14TH ST NW,Shelter,94,Atlanta,,,-84.40750899999995,33.78567400000003
1015,1016,4442,213082,213082,NORTHSIDE DR NW @ HOKE ST,Sign on Post,37,Atlanta,,,-84.40779899999995,33.79226100000005
1016,1017,4443,213083,213083,NORTHSIDE DR SW @ MITCHELL ST SW,Sign on Post,94,Atlanta,,,-84.40273599999995,33.75376700000004
1017,1018,4444,213084,213084,W WHITEHALL ST SW @ OAK ST SW,Sign on Post,94,Atlanta,,,-84.41239299999995,33.74016400000005
1018,1019,4445,213085,213085,W WHITEHALL ST SW @ RALPH D ABERNATHY BLVD SW,Sign on Post,94,Atlanta,,,-84.41288299999997,33.73827400000005
1019,1020,4462,213104,213104,EDGEWOOD AVE @ HILLIARD ST,Sign on Post,3,Atlanta,,,-84.37689499999999,33.75443500000006
1020,1021,4463,213105,213105,GRANT ST @ MLK JR DR,Sign on Post,9,Atlanta,,,-84.37656399999997,33.74740000000003
1021,1022,4465,213107,213107,HAYNES BRIDGE RD @ THOMPSON ST,Sign on Post,141,Fulton,,,-84.29331799999994,34.07180600000004
1022,1023,4467,213110,213110,ARTS CENTER WAY @ 15TH ST (ARTS CENTER STN - UPPER ENTRANCE),Sign on Post,37;94;110,Atlanta,,,-84.38640199999998,33.789213000000075
1023,1024,4468,213111,213111,NORTHSIDE DR @ ETHEL ST,Sign on Post,94,Atlanta,,,-84.40739899999994,33.78449200000006
1024,1025,4469,213112,213112,NORTHSIDE DR @ 610,Bench,50;94,Atlanta,,,-84.40694599999995,33.771629000000075
1025,1026,4472,213115,213115,CALHOUN AVE @ JOHN FREEMAN WAY,Bench,79;79,Fulton,,,-84.42538099999996,33.67262500000004
1026,1027,4504,213149,213149,RN MARTIN ST @ HOLLAND CT,Sign on Post,192,Fulton,,,-84.43801899999994,33.674938000000054
1027,1028,4505,213150,213150,RN MARTIN ST @ HOLCOMB AVE,Sign on Post,192,Fulton,,,-84.43710399999998,33.67304100000007
1028,1029,4507,213152,213152,S MARTIN ST @ BAYARD ST,Sign on Post,192,Fulton,,,-84.43215999999995,33.67106700000005
1029,1030,4508,213153,213153,S MARTIN ST @ 3125,Sign on Post,192,Fulton,,,-84.43098599999996,33.67010200000004
1030,1031,4509,213154,213154,BOBBY BROWN PKWY @ CAMBRIDGE AVE,Bench,192,Fulton,,,-84.42958499999997,33.66247600000003
1031,1032,4512,213157,213157,PERRY J HUDSON PKWY @ RAINEY AVE,Sign on Post,192,Fulton,,,-84.41864499999997,33.65767800000003
1032,1033,4514,213159,213159,N INNER LOOP RD @ UNION AVE,Sign on Post,192,Fulton,,,-84.40907399999998,33.65277000000003
1033,1034,4515,213160,213160,N OUTER LOOP RD @ RAINEY AVE,Shelter,192,Fulton,,,-84.41862399999997,33.657884000000024
1034,1035,4516,213161,213161,BOBBY BROWN PKWY @ CAMBRIDGE AVE,Sign on Post,192,Fulton,,,-84.42951999999997,33.662252000000024
1035,1036,4517,213162,213162,NORMAN BERRY DR @ WILLIGHAM DR,Sign on Post,192,Fulton,,,-84.42830899999996,33.66585200000003
1036,1037,4518,213163,213163,S MARTIN ST @ NORMAN BERRY DR,Sign on Post,192,Fulton,,,-84.42845399999999,33.66939700000006
1037,1038,4519,213164,213164,S MARTIN ST @ 3125,Sign on Post,192,Fulton,,,-84.43055099999998,33.67002100000008
1038,1039,4520,213165,213165,S MARTIN ST @ BAYARD ST,Sign on Post,192,Fulton,,,-84.43225799999999,33.671309000000065
1039,1040,4521,213166,213166,RN MARTIN ST @ RANDALL ST,Sign on Post,192,Fulton,,,-84.43399699999998,33.672158000000024
1040,1041,4522,213167,213167,RN MARTIN ST @ HOLCOMB AVE,Sign on Post,192,Fulton,,,-84.43705999999997,33.673095000000046
1041,1042,4523,213168,213168,RN MARTIN ST @ HOLLAND CT,Sign on Post,192,Fulton,,,-84.43795399999999,33.67509000000007
1042,1043,4611,213274,213274,E WASHINGTON AVE @ RN MARTIN ST,Sign on Post,79,Fulton,,,-84.43749799999995,33.67561900000004
1043,1044,4612,213275,213275,E WASHINGTON AVE @ RN MARTIN ST,Sign on Post,79,Fulton,,,-84.43792199999996,33.67564500000003
1044,1045,4613,213276,213276,E WASHINGTON AVE @ HARRIS ST,Sign on Post,79,Fulton,,,-84.43569599999995,33.67574600000006
1045,1046,4614,213277,213277,E WASHINGTON AVE @ HARRIS ST,Sign on Post,79,Fulton,,,-84.43554399999994,33.67584400000004
1046,1047,4615,213278,213278,E WASHINGTON AVE @ RANDALL ST,Sign on Post,79,Fulton,,,-84.43359999999996,33.67573900000008
1047,1048,4616,213279,213279,CALHOUN AVE @ BAYARD ST,Sign on Post,79,Fulton,,,-84.43151099999994,33.67338600000005
1048,1049,4617,213280,213280,CALHOUN AVE @ BAYARD ST,Sign on Post,79,Fulton,,,-84.43174999999997,33.67349400000006
1049,1050,4618,213281,213281,CALHOUN AVE @ NORMAN BERRY DR,Sign on Post,79,Fulton,,,-84.42652599999997,33.67261200000007
1050,1051,4648,213316,213316,PEACHTREE ST SW @ MARTIN L KING JR DR,Sign Strapped to Pole,3;40,Atlanta,,,-84.39207499999998,33.75192000000004
1051,1052,4649,213317,213317,PEACHTREE ST SW @ MITCHELL ST SW,Sign Strapped to Pole,40,Atlanta,,,-84.39326799999998,33.75079000000005
1052,1053,4650,213318,213318,PEACHTREE ST SW @ TRINITY AVE SW,Sign Strapped to Pole,40,Atlanta,,,-84.39413499999995,33.74967300000003
1053,1054,4651,213319,213319,PEACHTREE ST SW @ TRINITY AVE SW,Sign Strapped to Pole,40,Atlanta,,,-84.39397499999995,33.74952700000006
1054,1055,4652,213320,213320,PEACHTREE ST SW @ BROTHERTON TRANSPORTATION MALL,Sign Strapped to Pole,40,Atlanta,,,-84.39589099999995,33.74764400000004
1055,1056,4653,213321,213321,PEACHTREE ST SW @ BROTHERTON TRANSPORTATION MALL,Sign Strapped to Pole,40,Atlanta,,,-84.39561299999997,33.74751200000003
1056,1057,4679,213349,213349,RALPH D ABERNATHY BLVD @ COOPER ST,Shelter,49;832,Atlanta,,,-84.39678499999997,33.73692500000004
1057,1058,4680,213350,213350,RALPH D ABERNATHY BLVD @ FORMWALT ST,Bench,42;49;832,Atlanta,,,-84.39553499999994,33.73683600000004
1058,1059,4690,213364,213364,BOULDERCREST DR @ PIPER CIR,Sign on Post,32,Atlanta,,,-84.33273299999996,33.725704000000064
1059,1060,4708,213386,213386,14TH ST NW @ HOWELL MILL RD NW,Sign on Post,14,Atlanta,,,-84.41134899999997,33.78585000000004
1060,1061,4709,213387,213387,14TH ST NW @ HOWELL MILL RD NW,Sign Strapped to Pole,14,Atlanta,,,-84.41105699999997,33.785709000000054
1061,1062,4710,213388,213388,JOSEPH E LOWERY BLVD NW @ W MARIETTA ST NW,Sign on Post,1,Atlanta,,,-84.41725299999996,33.782343000000026
1062,1063,4711,213389,213389,W MARIETTA ST NW @ JOSEPH E LOWERY BLVD NW,Bench,1;26,Atlanta,,,-84.41783299999997,33.783371000000045
1063,1064,4714,213392,213392,JOSEPH E LOWERY BLVD @ 841,Sign on Post,1,Atlanta,,,-84.41727799999995,33.77996900000005
1064,1065,4715,213393,213393,JOSEPH E LOWERY BLVD @ 841,Sign on Post,1,Atlanta,,,-84.41739099999995,33.77955900000006
1065,1066,4716,213396,213396,FOX ST @ JOSEPH E LOWERY BLVD,Sign on Post,50,Atlanta,,,-84.41728099999995,33.77221300000008
1066,1067,4717,213397,213397,FOX ST @ PAINES AVE,Sign on Post,50,Atlanta,,,-84.41403299999996,33.77223100000003
1067,1068,4718,213398,213398,NORTHSIDE DR @ TRAVIS ST,Sign on Post,50,Atlanta,,,-84.40894999999995,33.772842000000026
1068,1069,4721,213401,213401,LUCKIE ST @ HUNNICUTT ST,Sign Strapped to Pole,51,Atlanta,,,-84.39608299999998,33.76654400000007
1069,1070,4722,213402,213402,LUCKIE ST @ HUNNICUTT ST,Sign on Post,51,Atlanta,,,-84.39615899999995,33.76670500000006
1070,1071,4723,213403,213403,LUCKIE ST @ MILLS ST,Sign on Post,51,Atlanta,,,-84.39609299999995,33.765085000000056
1071,1072,4724,213404,213404,LUCKIE ST @ IVAN ALLEN JR BLVD,Sign Strapped to Pole,51,Atlanta,,,-84.39617899999996,33.76482600000003
1072,1073,4725,213406,213406,MITCHELL ST @ TED TURNER DR,Sign Strapped to Pole,3,Atlanta,,,-84.39570099999997,33.752357000000075
1073,1074,4726,213407,213407,14TH ST NW @ NORTHSIDE DR NW,Shelter,14,Atlanta,,,-84.40752099999997,33.78617500000007
1074,1075,4727,213408,213408,W MARIETTA ST @ 800,Sign on Post,26,Atlanta,,,-84.41464399999995,33.780107000000044
1075,1076,4734,213417,213417,W MARIETTA ST @ 8TH ST,Sign on Post,26,Atlanta,,,-84.41253099999994,33.77996500000006
1076,1077,4735,213418,213418,W MARIETTA ST @ BRADY AVE,Sign Strapped to Pole,26,Atlanta,,,-84.41229799999996,33.77978600000006
1077,1078,4736,213419,213419,W MARIETTA ST @ 887,Sign on Post,26,Atlanta,,,-84.41672399999999,33.78220300000004
1078,1079,4737,213420,213420,W MARIETTA ST @ 887,Sign on Post,26,Atlanta,,,-84.41652299999998,33.78171500000008
1079,1080,4771,213454,213454,14TH ST @ SPRING ST,Sign on Post,14,Atlanta,,,-84.38940199999996,33.78656200000006
1080,1081,4773,213456,213456,SPRING ST @ 12TH ST,Sign on Post,14,Atlanta,,,-84.38929199999995,33.783713000000034
1081,1082,4774,213458,213458,14TH ST @ W PEACHTREE ST,Sign Strapped to Pole,14,Atlanta,,,-84.38837999999998,33.78670600000004
1082,1083,4775,213459,213459,14TH ST @ FOWLER ST,Sign on Post,14,Atlanta,,,-84.39316499999995,33.786685000000034
1083,1084,4776,213460,213460,14TH ST NW @ ATLANTIC DR NW,Sign on Post,14,Atlanta,,,-84.39752899999996,33.78625600000004
1084,1085,4777,213461,213461,14TH ST @ ATLANTIC DR,Sign on Post,14,Atlanta,,,-84.39780799999994,33.78613700000005
1085,1086,4778,213462,213462,14TH ST @ FOWLER ST,Sign on Post,14,Atlanta,,,-84.39336099999997,33.786497000000054
1086,1087,4787,213474,213474,MITCHELL ST @ MANGUM ST,Sign Strapped to Pole,3,Atlanta,,,-84.39914799999997,33.753787000000045
1087,1088,4830,213517,213517,JOSEPH E LOWERY BLVD @ LUCILE AVE SW,Shelter,1,Atlanta,,,-84.41769199999999,33.74244500000003
1088,1089,4831,213518,213518,JOSEPH E LOWERY BLVD @ CUNNINGHAM PL,Bench,1,Atlanta,,,-84.41749799999997,33.743427000000054
1089,1090,4844,213531,213531,PRYOR RD @ UNIVERSITY AVE,Sign on Post,42;55;155,Atlanta,,,-84.39329399999997,33.72297200000003
1090,1091,4846,213533,213533,14TH ST @ BARNES ST,Sign on Post,14,Atlanta,,,-84.39485099999996,33.786470000000065
1091,1092,4851,213540,213540,14TH ST @ BARNES ST,Sign Strapped to Pole,14,Atlanta,,,-84.39473099999998,33.786407000000054
1092,1093,4867,213556,213556,BOULEVARD SE @ HAMILTON AVE,Sign on Post,9,Atlanta,,,-84.36846499999996,33.72661800000003
1093,1094,4868,213557,213557,BOULEVARD SE @ ATLANTA AVE,Sign on Post,9,Atlanta,,,-84.36829299999994,33.73009100000007
1094,1095,4869,213558,213558,JACKSON ST @ HIGHLAND AVE,Sign Strapped to Pole,899,Atlanta,,,-84.37421399999994,33.761239000000046
1095,1096,4870,213559,213559,PARKWAY DR @ HIGHLAND AVE,Sign on Post,899,Atlanta,,,-84.37430099999995,33.76146300000005
1096,1097,4871,213560,213560,PARKWAY DR @ RALPH MCGILL BLVD,Sign on Post,899,Atlanta,,,-84.37382399999996,33.76345900000007
1097,1098,4872,213561,213561,PARKWAY DR @ RALPH MCGILL BLVD,Sign on Post,899,Atlanta,,,-84.37394399999994,33.76341400000007
1098,1099,4873,213562,213562,GLEN IRIS DR @ ANGIER AVE,Sign on Post,899,Atlanta,,,-84.36771499999998,33.765986000000055
1099,1100,4874,213563,213563,GLEN IRIS DR @ ANGIER AVE,Sign on Post,899,Atlanta,,,-84.36779099999995,33.766084000000035
1100,1101,4875,213564,213564,GLEN IRIS DR @ DALLAS ST,Sign on Post,899,Atlanta,,,-84.36779199999995,33.76796400000006
1101,1102,4876,213565,213565,GLEN IRIS DR @ WINTON TER,Sign Strapped to Pole,899,Atlanta,,,-84.36765099999997,33.76873500000005
1102,1103,4877,213566,213566,NORTH AVE @ GLEN IRIS DR,Sign on Post,899,Atlanta,,,-84.36794599999996,33.771105000000034
1103,1104,4898,213587,213587,MARTIN L KING JR DR @ MARTIN ST,Sign on Post,107,Atlanta,,,-84.38346699999994,33.74773700000003
1104,1105,4900,213591,213591,IVAN ALLEN JR BLVD @ MARIETTA ST,Sign Strapped to Pole,51,Atlanta,,,-84.39750499999997,33.76411800000005
1105,1106,4918,213611,213611,JACKSON ST @ JOHN WESLEY DOBBS AVE,Sign Strapped to Pole,899,Atlanta,,,-84.37432099999995,33.75881300000003
1106,1107,4920,213613,213613,JACKSON ST @ JOHN WESLEY DOBBS AVE,Sign on Post,899,Atlanta,,,-84.37424499999997,33.75869700000004
1107,1108,4946,213641,213641,PRYOR ST @ RALPH DAVID ABERNATHY BLVD,Sign Strapped to Pole,42,Atlanta,,,-84.39464299999997,33.73687300000006
1108,1109,4947,213642,213642,E PONCE DE LEON AVE @ 5830,Shelter,120,DeKalb,,,-84.18271599999997,33.81707600000004
1109,1110,4948,213643,213643,E PONCE DE LEON AVE @ RICHARDSON ST,Sign on Post,120,DeKalb,,,-84.18076099999996,33.815391000000034
1110,1111,4955,213653,213653,MEMORIAL DR @ CHEROKEE AVE,Sign on Post,21;107,Atlanta,,,-84.37381999999997,33.746853000000044
1111,1112,4962,213660,213660,HOSEA WILLIAMS DR @ 2ND AVE,Sign on Post,24,Atlanta,,,-84.31002599999994,33.75112500000006
1112,1113,4963,213661,213661,NORTHSIDE DR @ 17TH ST,Sign on Post,94,Atlanta,,,-84.40778499999999,33.789683000000025
1113,1114,4966,213664,213664,MT VERNON HWY @ LAKE FORREST DR,Sign on Post,148,Fulton,,,-84.38627899999994,33.922690000000046
1114,1115,4973,213671,213671,W TRINITY PL @ SWANTON WAY,Sign Strapped to Pole,15;823,DeKalb,,,-84.30016499999994,33.77365000000003
1115,1116,4974,213672,213672,SWANTON WAY @ W TRINIY PL,Sign on Post,15;823,DeKalb,,,-84.30057399999998,33.77373800000004
1116,1117,4985,213683,213683,MILTON AVE SE @ LAKEWOOD AVE SE,Sign on Post,155,Atlanta,,,-84.38332599999995,33.72138600000005
1117,1118,4986,213684,213684,LAKEWOOD AVE SE @ MILTON AVE SE,Sign on Post,155,Atlanta,,,-84.38287699999995,33.72123800000003
1118,1119,4988,213686,213686,MAIN ST @ JOHN CALVIN AVE,Sign on Post,93,Fulton,,,-84.44811599999997,33.658119000000056
1119,1120,4998,213696,213696,NORMAN BERRY DR @ CLEVELAND AVE,Sign on Post,79,Fulton,,,-84.42951299999999,33.67962700000004
1120,1121,4999,213697,213697,NORMAN BERRY DR @ 2814,Sign on Post,79,Fulton,,,-84.42699599999997,33.67726000000005
1121,1122,5000,213698,213698,NORMAN BERRY DR @ 2814,Sign on Post,79,Fulton,,,-84.42704799999996,33.67789700000003
1122,1123,5001,213699,213699,NORMAN BERRY DR @ CALHOUN AVE,Sign on Post,79,Fulton,,,-84.42644999999999,33.672836000000075
1123,1124,5002,213700,213700,NORMAN BEERY DR @ CALHOUN AVE,Sign on Post,79,Fulton,,,-84.42600099999999,33.67364600000008
1124,1125,5003,213701,213701,COMMERCE DR @ E COLLEGE AVE,Sign on Post,114,DeKalb,,,-84.28776999999997,33.771971000000065
1125,1126,5022,213722,213722,GLENWOOD AVE @ 1925,Bench,107,DeKalb,,,-84.32351999999997,33.73968300000007
1126,1127,5031,213731,213731,W COLLEGE AVE @ DREXEL AVE,Sign on Post,19,DeKalb,,,-84.30922399999997,33.76588200000003
1127,1128,5032,213732,213732,COCA COLA PL SE @ JESSE HILL JR DR SE,Simme Seat,21;42;49;55;107;186;813,Atlanta,,,-84.38116899999994,33.753719000000046
1129,1130,5044,213744,213744,CONNALLY DR @ LESTER ST,Sign on Post,93,Fulton,,,-84.44419699999997,33.688064000000054
1130,1131,5045,213745,213745,CONNALLY DR @ CONNALLY PL,Sign on Post,93,Fulton,,,-84.44601499999999,33.68926000000005
1131,1132,5046,213746,213746,STANTON RD @ CONNALLY DR,Sign on Post,93,Fulton,,,-84.44787299999996,33.69115800000003
1132,1133,5050,213751,213751,STANTON RD @ CONNALLY DR,Simme Seat,93,Fulton,,,-84.44791499999997,33.69107400000007
1133,1134,5051,213752,213752,CONNALLY DR @ CONNALLY PL,Sign on Post,93,Fulton,,,-84.44598899999994,33.68915000000004
1134,1135,5052,213753,213753,CONNALLY DR @ LESTER ST,Sign on Post,93,Fulton,,,-84.44390999999996,33.68775600000004
1135,1136,5053,213754,213754,CONNALLY DR @ NORMAN BERRY DR,Sign on Post,93,Fulton,,,-84.44173499999994,33.68585500000006
1136,1137,5111,213815,213815,KING ARNOLD ST @ SUNSET AVE,Sign on Post,95,Fulton,,,-84.39989499999996,33.65571500000004
1137,1138,5112,213816,213816,N CENTRAL AVE @ N FULTON AVE,Sign on Post,95,Fulton,,,-84.40864999999997,33.65861800000005
1138,1139,5116,213821,213821,WHITEFOORD AVE @ FINLEY ST,Sign on Post,24,Atlanta,,,-84.34211799999997,33.75654700000007
1139,1140,5117,213822,213822,WHITEFOORD AVE @ FINLEY ST,Sign on Post,24,Atlanta,,,-84.34197299999994,33.756282000000056
1140,1141,5124,213830,213830,BILL KENNEDY WAY SE @ MEMORIAL DR,Sign on Post,107,Atlanta,,,-84.35818299999994,33.745892000000026
1141,1142,5137,600018,600018,10TH ST NE @ WILLIAMS ST,Shelter,12,Atlanta,,,-84.39022799999998,33.781629000000066
1142,1143,5138,600019,600019,17TH ST NW @ MARKET ST NW,Sign Strapped to Pole,37;94,Atlanta,,,-84.39451499999996,33.79110000000003
1143,1144,5139,600020,600020,17TH ST NW @ VILLAGE ST,Sign Strapped to Pole,37;94,Atlanta,,,-84.40290199999998,33.789517000000046
1144,1145,5146,600031,600031,FORSYTH ST @ ALABAMA ST (FIVE POINTS STATION),Sign Strapped to Pole,813,Atlanta,,,-84.39241899999996,33.75401500000004
1145,1146,5147,600032,600032,FORSYTH ST @ ALABAMA ST (FIVE POINTS STATION),Shelter,3,Atlanta,,,-84.39262599999995,33.75394400000005
1146,1147,5148,600033,600033,FORSYTH ST SW @ MITCHELL ST SW,Sign Strapped to Pole,3;813,Atlanta,,,-84.39393599999994,33.752301000000045
1147,1148,5150,600035,600035,MARIETTA ST NW @ FAIRLIE ST NW,Sign Strapped to Pole,26,Atlanta,,,-84.39143099999995,33.75572500000004
1148,1149,5151,600036,600036,MARIETTA ST NW @ TED TURNER DR,Sign Strapped to Pole,26,Atlanta,,,-84.39244299999996,33.75689700000004
1149,1150,5160,600051,600051,PEACHTREE ST NE @ 10TH ST NE,Sign Strapped to Pole,40,Atlanta,,,-84.38411999999994,33.78189500000008
1150,1151,5161,600052,600052,PEACHTREE ST @ 14TH ST NE,Sign Strapped to Pole,40,Atlanta,,,-84.38307299999997,33.78615300000007
1151,1152,5162,600053,600053,PEACHTREE ST NW @ BAKER ST,Sign Strapped to Pole,40,Atlanta,,,-84.38729499999994,33.76262000000003
1152,1153,5163,600054,600054,PEACHTREE ST NE @ NORTH AVE NE,Sign Strapped to Pole,40,Atlanta,,,-84.38508799999994,33.77096700000004
1153,1154,5164,600055,600055,PEACHTREE ST @ RENAISSANCE PKWY NE,Sign Strapped to Pole,40,Atlanta,,,-84.38521799999995,33.76848700000005
1154,1155,5166,600058,600058,W PEACHTREE ST @ 12TH ST,Sign Strapped to Pole,14,Atlanta,,,-84.38773599999996,33.78419100000008
1155,1156,5167,801500,801500,N INNER LOOP RD @ DELTA BLVD,Sign on Post,192,Atlanta,,,-84.42279299999996,33.657782000000054
1156,1157,5168,801510,801510,N OUTER LOOP RD @ DELTA BLVD,Sign on Post,192,Atlanta,,,-84.42298899999997,33.65797800000007
1157,1158,5169,801520,801520,PERRY J HUDSON PKWY @ ATLANTA AVE,Sign on Post,192,Fulton,,,-84.41261799999995,33.65471400000007
1158,1159,5170,801530,801530,N OUTER LOOP RD @ATLANTA AVE,Sign on Post,192,Fulton,,,-84.41323499999999,33.65531000000004
1159,1160,5175,900006,900006,N MAIN ST @ MAYFIELD RD,Sign on Post,141,Fulton,,,-84.29443999999995,34.08040100000005
1160,1161,5176,900007,900007,N MAIN ST @ ACADEMY ST,Sign on Post,141,Fulton,,,-84.29428799999994,34.076201000000026
1161,1162,5183,900015,900015,MORELAND AVE @ MANSFIELD AVE,Bench,6;102,Atlanta,,,-84.34895999999998,33.767701000000045
1162,1163,5184,900016,900016,PERIMETER CTR PL@PERIMETER CTR WEST,Sign on Post,150,DeKalb,,,-84.34080499999999,33.92908700000004
1163,1164,5185,900018,900018,N MAIN ST @ CUMMING ST,Sign on Post,141,Fulton,,,-84.29429099999999,34.078152000000046
1164,1165,5186,900021,900021,PEACHTREE ST @ PEACHTREE PL,Sign Strapped to Pole,40,Atlanta,,,-84.38403399999999,33.780700000000024
1165,1166,5189,900030,900030,MOURY AVE@204,Sign Strapped to Pole,42,Atlanta,,,-84.39214699999997,33.71556100000004
1166,1167,5190,900031,900031,MOURY AVE SW @ 204,Shelter,42,Atlanta,,,-84.39210399999996,33.71566800000005
1167,1168,5196,900050,900050,MORELAND AVE @ DRUID PL,Sign on Post,6;102,Atlanta,,,-84.34905799999996,33.76904300000007
1168,1169,5197,900051,900051,MORELAND AVE @ MANSFIELD AVE,Simme Seat,6;102,Atlanta,,,-84.34906799999999,33.76787100000007
1169,1170,5198,900052,900052,MORELAND AVE @ EUCLID AVE,Simme Seat,6;102,Atlanta,,,-84.34924199999995,33.76515800000004
1170,1171,5199,900053,900053,MORELAND AVE @ 299,Sign on Post,6,Atlanta,,,-84.34926299999995,33.762357000000065
1171,1172,5200,900054,900054,MORELAND AVE @ 327,Sign on Post,6;102,Atlanta,,,-84.34912199999997,33.76286300000004
1172,1173,5201,900055,900055,MORELAND AVE @ MCLENDON AVE,Simme Seat,6;102,Atlanta,,,-84.34912199999997,33.76489900000007
1173,1174,5202,900056,900056,MORELAND AVE @ DRUID PL,Sign on Post,6,Atlanta,,,-84.34892699999995,33.76893600000005
1174,1175,5203,900057,900057,MORELAND AVE@NORTH AVE,Sign on Post,6,Atlanta,,,-84.34889499999997,33.77099400000003
1175,1176,5204,900059,900059,MORELAND AVE@NORTH AVE,Sign on Post,6,Atlanta,,,-84.34908899999994,33.77119200000004
1176,1177,5206,900062,900062,EVA DAVIS WAY @ FOREST LAKES AVE,Sign on Post,24,Atlanta,,,-84.31480999999997,33.74359800000008
1177,1178,5207,900063,900063,EVA DAVIS WAY SE @ MEMORIAL DR,Sign on Post,24,Atlanta,,,-84.31443999999999,33.747258000000045
1178,1179,5209,900076,900076,PERIMETER CTR W @ PERIMETER CTR PL,Sign on Post,150,DeKalb,,,-84.34079299999996,33.92705500000005
1179,1180,5214,900083,900083,PERIMETER CTR PL@PERIMETER CTR WEST,Sign on Post,150,DeKalb,,,-84.34156699999994,33.92766400000005
1180,1181,5234,900134,900134,EVA DAVIS WAY @ GREENHAVEN DR SE,Bench,24,Atlanta,,,-84.31448399999994,33.74120800000003
1181,1182,5235,900135,900135,LUCILE AVE SW @ MATHEWSON PL SW,Sign on Post,58,Atlanta,,,-84.43614999999994,33.74277500000005
1182,1183,5236,900138,900138,RALPH D ABERNATHY BLVD @ WELLINGTON ST SW,Sign on Post,58,Atlanta,,,-84.43865999999997,33.744278000000065
1183,1184,5237,900139,900139,RALPH D ABERNATHY BLVD @ WELLINGTON ST,Sign on Post,58,Atlanta,,,-84.43880399999995,33.744294000000025
1184,1185,5240,900149,900149,CASCADE AVE SW @ WESTWOOD AVE SW,Sign on Post,71,Atlanta,,,-84.43531699999994,33.738094000000046
1185,1186,5241,900150,900150,CASCADE AVE@ROGERS AVE,Sign on Post,71,Atlanta,,,-84.43578299999996,33.73715400000003
1186,1187,5249,900164,900164,RALPH D ABERNATHY BLVD @ W ONTARIO AVE SW,Sign on Post,58,Atlanta,,,-84.43939199999994,33.74506300000007
1187,1188,5252,900174,900174,CASCADE AVE SW @ DONNELLY AVE SW,Shelter,71,Atlanta,,,-84.43539199999998,33.737745000000075
1188,1189,5253,900175,900175,CASCADE AVE @ RALPH D ABERNATHY BLVD,Shelter,71,Atlanta,,,-84.43359999999996,33.738740000000064
1189,1190,5267,900201,900201,WESTWOOD AVE SW @ WILLARD AVE SW,Sign on Post,68,Atlanta,,,-84.43802299999999,33.73855100000003
1190,1191,5268,900202,900202,RALPH D ABERNATHY BLVD SW @ W ONTARIO AVE SW,Sign on Post,58,Atlanta,,,-84.43978499999997,33.74521100000004
1191,1192,5273,900208,900208,LUCILE AVE @ RALPH D ABERNATHY BLVD,Sign on Post,58,Atlanta,,,-84.43709499999994,33.74294400000008
1192,1193,5281,900220,900220,LUCILE AVE SW @ LANGHORN ST SW,Sign on Post,58,Atlanta,,,-84.43244199999998,33.74225000000007
1193,1194,5282,900221,900221,LUCILE AVE SW @ MUSE ST SW,Sign on Post,58,Atlanta,,,-84.43371599999995,33.74237400000004
1194,1195,5283,900222,900222,LUCILE AVE SW @ MUSE ST SW,Sign on Post,58,Atlanta,,,-84.43358299999994,33.74225800000005
1195,1196,5284,900223,900223,LUCILE AVE SW @ ALTOONA PL SW,Sign on Post,58,Atlanta,,,-84.43498999999997,33.74254600000006
1196,1197,5285,900224,900224,LUCILE AVE SW @ ALTOONA PL SW,Sign on Post,58,Atlanta,,,-84.43506199999996,33.74249800000007
1197,1198,5291,900239,900239,WESTWOOD AVE @ CASCADE AVE,Bench,68,Atlanta,,,-84.43555699999996,33.73795400000006
1198,1199,5416,900461,900461,PEACHTREE RD NW@SHERIDAN DR NE,Sign on Post,110,Atlanta,,,-84.38368199999996,33.83281600000004
1199,1200,5425,900479,900479,PIEDMONT RD NE @ ELLIOTT CIR NE,Sign on Post,5,Atlanta,,,-84.36795899999998,33.83355300000005
1200,1201,5426,900480,900480,PIEDMONT RD NE @ BURKE RD NE,Sign on Post,5,Atlanta,,,-84.36792699999995,33.83590600000008
1201,1202,5427,900481,900481,PIEDMONT RD NE @ E PACES FERRY RD NE,Bench,5,Atlanta,,,-84.36937699999999,33.83953100000008
1202,1203,5428,900482,900482,PIEDMONT RD NE @ PHARR RD NE,Shelter,5,Atlanta,,,-84.36814599999997,33.83706100000006
1203,1204,5429,900483,900483,PIEDMONT RD NE @ N HILLS DR NE,Sign on Post,5,Atlanta,,,-84.36804599999994,33.834197000000074
1204,1205,5431,900490,900490,PEACHTREE RD NE@MAPLE DR NE,Shelter,110,Atlanta,,,-84.37275999999997,33.84271000000007
1205,1206,5432,900492,900492,PEACHTREE RD NW @ W SHADOWLAWN AVE,Sign on Post,110,Atlanta,,,-84.37419899999998,33.84202200000004
1206,1207,5433,900493,900493,PEACHTREE RD NE @ E PACES FERRY RD,Sign Strapped to Pole,110,Atlanta,,,-84.37948999999998,33.83982700000007
1207,1208,5434,900494,900494,PEACHTREE RD @ BOLLING WAY NE,Sign Strapped to Pole,110,Atlanta,,,-84.37866999999994,33.84013500000003
1208,1209,5462,900571,900571,PEACHTREE RD@3171,Bench,110,Atlanta,,,-84.37547099999995,33.84094700000003
1209,1210,5511,900637,900637,PEACHTREE RD NW@PEACHTREE AVE,Bench,110,Atlanta,,,-84.38292199999995,33.83417300000008
1210,1211,5512,900638,900638,PEACHTREE RD NW@SHERIDAN,Sign Strapped to Pole,110,Atlanta,,,-84.38365299999998,33.83359500000006
1211,1212,5513,900639,900639,PEACHTREE RD NW@2820,Sign on Post,110,Atlanta,,,-84.38487899999996,33.832359000000054
1212,1213,5521,900653,900653,PEACHTREE RD NW @ DELMONT DR,Sign on Movable Pedestal,110,Atlanta,,,-84.38306399999999,33.83371600000004
1213,1214,5522,900654,900654,PEACHTREE RD NW@PEACHTREE AVE NE,Sign on Post,110,Atlanta,,,-84.38242199999996,33.834790000000055
1214,1215,5528,900664,900664,PEACHTREE RD NW@PHARR RD NW,Shelter,110,Atlanta,,,-84.38165299999997,33.83717000000007
1215,1216,5533,900677,900677,N HIGHLAND AVE NE @ JOHN LEWIS FREEDOM PKWY NE,Sign on Post,816,Atlanta,,,-84.35275299999995,33.769138000000055
1216,1217,5534,900678,900678,N HIGHLAND AVE NE @ JOHN LEWIS FREEDOM PKWY NE,Sign on Post,102;816,Atlanta,,,-84.35237099999995,33.76951600000007
1217,1218,5540,900689,900689,PEACHTREE ST @ RALPH MCGILL BLVD,Sign Strapped to Pole,40,Atlanta,,,-84.38544299999995,33.76487800000007
1218,1219,5541,900690,900690,PEACHTREE ST @ PINE ST NE,Sign Strapped to Pole,40,Atlanta,,,-84.38532499999997,33.767243000000065
1219,1220,5545,900704,900704,JOSEPH E BOONE BLVD @ JAMES P BRAWLEY DR NW,Sign on Post,51,Atlanta,,,-84.41251199999994,33.76351500000004
1220,1221,5546,900705,900705,JOSEPH E BOONE BLVD @ GRIFFIN ST NW,Bench,51,Atlanta,,,-84.41111399999994,33.76351500000004
1221,1222,5547,900708,900708,JOSEPH E BOONE BLVD @ SCIPLE TER NW,Shelter,51,Atlanta,,,-84.41490699999997,33.76341700000006
1222,1223,5548,900710,900710,JOSEPH E BOONE BLVD NW @ JAMES P BRAWLEY,Shelter,51,Atlanta,,,-84.41332699999998,33.76340800000003
1223,1224,5554,900723,900723,PEACHTREE ST NE @ IVAN ALLEN JR BLVD,Sign Strapped to Pole,40,Atlanta,,,-84.38580299999995,33.76478000000003
1224,1225,5555,900724,900724,PEACHTREE ST @ JOHN PORTMAN BLVD,Sign Strapped to Pole,40,Atlanta,,,-84.38764499999996,33.76127200000008
1225,1226,5556,900726,900726,PEACHTREE ST @ AUBURN AVE NE,Sign Strapped to Pole,3;40,Atlanta,,,-84.38895199999996,33.75541400000003
1226,1227,5557,900727,900727,PEACHTREE ST @ JOHN PORTMAN BLVD (P'TREE CTR STATION),Sign Strapped to Pole,40,Atlanta,,,-84.38769499999995,33.76040800000004
1227,1228,5567,900746,900746,ROCKBRIDGE RD@S SUSAN CREEK DR,Sign on Post,117,DeKalb,,,-84.22550399999994,33.78590200000008
1228,1229,5580,900766,900766,DEKALB AVE NE @ HARALSON AVE NE,Sign on Post,6,Atlanta,,,-84.34994499999993,33.75981100000007
1229,1230,5586,900784,900784,PEACHTREE ST @ LUCKIE ST,Sign Strapped to Pole,40,Atlanta,,,-84.38840999999996,33.756571000000065
1230,1231,5587,900787,900787,MARIETTA ST @ CENTENNIAL OLYMPIC PARK DR,Sign Strapped to Pole,26,Atlanta,,,-84.39308499999999,33.75738000000007
1231,1232,5600,900805,900805,JOSEPH E BOONE BLVD @ VINE ST NW,Shelter,51,Atlanta,,,-84.40751799999998,33.76341200000007
1232,1233,5601,900807,900807,JOSEPH E BOONE BLVD @ MAPLE ST NW,Sign on Post,51,Atlanta,,,-84.40537299999994,33.76337300000006
1233,1234,5602,900809,900809,CAMERON M ALEXANDER BLVD @ NORTHSIDE DR,Sign on Post,50,Atlanta,,,-84.40500099999997,33.76823900000005
1234,1235,5606,900816,900816,N CLARENDON AVE @ LAREDO DR,Sign Strapped to Pole,8,DeKalb,,,-84.26702899999998,33.77726400000006
1235,1236,5622,900844,900844,17TH ST NW @ STATE ST NW,Sign Strapped to Pole,37;94,Atlanta,,,-84.39897899999994,33.79106000000007
1236,1237,5623,900854,900854,JOHN WESLEY DOBBS AVE @ JACKSON ST,Sign on Post,3,Atlanta,,,-84.37366899999995,33.75896600000004
1237,1238,5624,900856,900856,NORTH AVE @ GLEN IRIS DR,Sign on Post,899,Atlanta,,,-84.36817499999995,33.77117700000008
1238,1239,5625,900859,900859,MORELAND AVE NE @ WADE ST NE,Shelter,4;32;74,Atlanta,,,-84.34923899999995,33.756601000000046
1239,1240,5630,900868,900868,CENTENNIAL OLYMPIC PARK DR @ MERRITSS AVE,Sign on Post,51,Atlanta,,,-84.39208399999995,33.76874000000004
1240,1241,5637,900890,900890,RALPH MCGILL BLVD NE@FELTON DR NE,Sign on Post,816,Atlanta,,,-84.37563999999998,33.763986000000045
1241,1242,5648,900906,900906,JOSEPH E BOONE BLVD @ SUNSET AVE NW,Bench,51,Atlanta,,,-84.40975999999995,33.76338000000004
1242,1243,5649,900907,900907,JOSEPH E BOONE BLVD @ NORTHSIDE DR,Sign on Post,51,Atlanta,,,-84.40320399999996,33.76336700000007
1243,1244,5650,900908,900908,NORTHSIDE DR NW @ THURMOND ST NW,Sign on Post,94,Atlanta,,,-84.40279699999996,33.760838000000035
1244,1245,5651,900911,900911,CAMERON M ALEXANDER BLVD @ VINE ST NW,Sign on Post,50,Atlanta,,,-84.40776299999999,33.76819300000005
1245,1246,5652,900912,900912,CAMERON M ALEXANDER BLVD NW @ VINE ST NW,Sign on Post,50,Atlanta,,,-84.40765399999998,33.76825500000007
1246,1247,5653,900914,900914,IRWIN ST NE @ BOULEVARD NE,Sign on Post,3,Atlanta,,,-84.37164599999994,33.75756100000007
1247,1248,5656,900923,900923,N CLARENDON AVE @ LAREDO DR,Sign on Post,8,DeKalb,,,-84.26685199999997,33.77795100000003
1248,1249,5660,900927,900927,CENTENNIAL OLYMPIC PARK DR @ HUNNICUTT ST,Sign on Post,51,Atlanta,,,-84.39205199999998,33.76680300000004
1249,1250,5661,900928,900928,CENTENNIAL OLYMPIC PARK DR @ HUNNICUTT ST,Sign on Post,51,Atlanta,,,-84.39166899999998,33.76648700000004
1250,1251,5662,900930,900930,CENTENNIAL OLYMPIC PARK DR @ MILLS ST,Sign on Post,51,Atlanta,,,-84.39196099999998,33.76542800000004
1251,1252,5673,900943,900943,NORTH AVE NE @ PARKWAY DR NE,Sign on Post,102;899,Atlanta,,,-84.37264799999997,33.771277000000055
1252,1253,5674,900946,900946,RALPH MCGILL BLVD NE@PARKWAY DR NE,Sign on Post,816,Atlanta,,,-84.37366099999997,33.763933000000065
1253,1254,5675,900947,900947,RALPH MCGILL BLVD@BOULEVARD NE,Sign Strapped to Pole,816;899,Atlanta,,,-84.37137499999994,33.76387900000003
1254,1255,5676,900948,900948,RALPH MCGILL BLVD NE @ PARKWAY DR NE,Shelter,816,Atlanta,,,-84.37340499999993,33.76403000000005
1255,1256,5677,900950,900950,BOULEVARD NE @ FREEDOM PKWY NE,Sign on Post,809,Atlanta,,,-84.37176199999999,33.75995100000006
1256,1257,5678,900954,900954,MORELAND AVE NE @ BOULEVARD DR NE,Sign on Post,4;32;74,Atlanta,,,-84.34931499999999,33.75372200000004
1257,1258,5683,900967,900967,CENTENNIAL OLYMPIC PARK DR @ PINE ST NW,Sign on Post,51,Atlanta,,,-84.39174099999997,33.767693000000065
1258,1259,5684,900969,900969,DEKALB AVE NE @ DEGRESS AVE NE,Sign on Post,6,Atlanta,,,-84.35139199999998,33.75871300000006
1259,1260,5685,900974,900974,BOULEVARD NE @ OLD WHEAT ST NE,Sign on Post,809,Atlanta,,,-84.37222799999995,33.75603400000006
1260,1261,5690,900979,900979,EMORY DECATUR HOSPITAL,Bench,123;123,DeKalb,,,-84.28280599999994,33.79017100000004
1261,1262,5691,900980,900980,RALPH MCGILL BLVD @ 542,Sign on Post,816;899,Atlanta,,,-84.36965899999996,33.76390100000003
1262,1263,5712,901003,901003,MIMS ST SW @ MATHEWSON PL SW,Sign on Post,813,Atlanta,,,-84.43654399999997,33.749551000000054
1263,1264,5715,901006,901006,CAMERON M ALEXANDER BLVD @ SUNSET AVE NW,Sign on Post,50,Atlanta,,,-84.41008999999997,33.76823600000006
1264,1265,5716,901007,901007,CAMERON M ALEXANDER BLVD @ GRIFFIN ST NW,Sign on Post,50,Atlanta,,,-84.41115499999995,33.76823500000006
1265,1266,5717,901008,901008,CAMERON M ALEXANDER BLVD @ GRIFFIN ST NW,Sign on Post,50,Atlanta,,,-84.41124199999996,33.76816300000007
1266,1267,5718,901009,901009,CAMERON M ALEXANDER BLVD @ JAMES P BRAWLEY DR,Shelter,50,Atlanta,,,-84.41268799999995,33.76818000000003
1267,1268,5719,901010,901010,NORTH AVE NW @ NORTH YARDS DR NW,Sign on Post,50,Atlanta,,,-84.40286099999997,33.770031000000074
1268,1269,5730,901021,901021,NORTHERN AVE @ 260 (BLDG 10),Sign on Post,125,DeKalb,,,-84.24504199999996,33.780332000000044
1269,1270,5731,901023,901023,NORTHERN AVE @ 281,Sign on Post,125,DeKalb,,,-84.24737499999998,33.78178400000007
1270,1271,5732,901024,901024,NORTHERN AVE @ ROCKBRIDGE RD,Sign on Post,125,DeKalb,,,-84.24842799999999,33.782864000000075
1271,1272,5733,901025,901025,NORTHERN AVE @ 260 (BLDG 20),Sign on Post,125,DeKalb,,,-84.24679199999997,33.78141600000004
1272,1273,5734,901026,901026,NORTHERN AVE @ 260 (BLDG 10)),Bench,125,DeKalb,,,-84.24524899999994,33.78042100000005
1273,1274,5741,901036,901036,RALPH MCGILL BLVD NE@FELTON DR NE,Sign on Post,816,Atlanta,,,-84.37546499999996,33.76405300000005
1274,1275,5742,901037,901037,RALPH MCGILL BLVD NE@BOULEVARD NE,Shelter,816;899,Atlanta,,,-84.37173899999993,33.76403200000004
1275,1276,5743,901038,901038,RALPH MCGILL BLVD NE @ 530,Sign on Post,816;899,Atlanta,,,-84.36948599999994,33.76398900000004
1276,1277,5744,901039,901039,RALPH MCGILL BLVD NE @ GLEN IRIS DR NE,Sign on Post,816;899,Atlanta,,,-84.36783399999996,33.76391800000005
1277,1278,5745,901040,901040,RALPH MCGILL BLVD NE @ GLEN IRIS DR N,Bench,816;899,Atlanta,,,-84.36819199999996,33.76398900000004
1278,1279,5746,901041,901041,RALPH MCGILL BLVD NE @ 697,Sign on Post,816,Atlanta,,,-84.36514799999998,33.764760000000024
1279,1280,5747,901042,901042,MARIETTA ST NW@584,Sign on Post,26,Atlanta,,,-84.39898999999997,33.769363000000055
1280,1281,5749,901047,901047,MORELAND AVE SE @ MEMORIAL DR SE,Sign on Post,4;32;74,Atlanta,,,-84.34931099999994,33.74777400000005
1281,1282,5752,901056,901056,WESTVIEW DR SW @ WESTVIEW PL SW,Shelter,813,Atlanta,,,-84.43452499999995,33.74735000000004
1282,1283,5754,901060,901060,RALPH D ABERNATH BLVD @ CENTRAL AVE,Sign Strapped to Pole,49;832,Atlanta,,,-84.39325199999996,33.73693600000007
1284,1285,5758,901071,901071,RALPH MCGILL BLVD NE @ ASHLEY AVE NE,Sign on Post,816,Atlanta,,,-84.36351799999994,33.76585300000005
1285,1286,5761,901074,901074,RALPH MCGILL BLVD NE @ FORTUNE ST NE,Sign on Post,816,Atlanta,,,-84.36644699999994,33.76404100000008
1286,1287,5762,901075,901075,RALPH MCGILL BLVD NE@680,Sign on Post,816,Atlanta,,,-84.36494199999999,33.76495700000004
1287,1288,5763,901076,901076,RALPH MCGILL BLVD NE@WILLOUGHBY WAY,Sign on Post,816,Atlanta,,,-84.36647499999998,33.76399900000007
1288,1289,5771,901092,901092,CAMERON M ALEXANDER BLVD @ SUNSET AVE NW,Sign on Post,50,Atlanta,,,-84.41000199999996,33.76816400000007
1289,1290,5772,901093,901093,CAMERON M ALEXANDER BLVD @ J P BRAWLEY DR,Sign on Post,50,Atlanta,,,-84.41248199999995,33.76826100000005
1290,1291,5773,901094,901094,ENGLISH AVE @ CAMERON M ALEXANDER BLVD NW,Sign on Post,50,Atlanta,,,-84.41337199999998,33.76856900000007
1291,1292,5774,901095,901095,ENGLISH AVE NW @ NORTH AVE NW,Sign on Post,50,Atlanta,,,-84.41340799999995,33.769979000000035
1292,1293,5775,901097,901097,NORTHSIDE DR NW @ THURMOND ST NW,Sign on Post,94,Atlanta,,,-84.40265599999998,33.761277000000064
1293,1294,5776,901100,901100,MORELAND AVE NE @ WYLIE ST SE,Sign on Post,4;32;74,Atlanta,,,-84.34930999999995,33.752185000000054
1294,1295,5777,901101,901101,MORELAND AVE SE @ FAITH AVE SE,Sign Strapped to Pole,4;32;74,Atlanta,,,-84.34932299999997,33.743426000000056
1295,1296,5782,901109,901109,ROCKBRIDGE RD @ WILLOW RIDGE WAY,Simme Seat,125,DeKalb,,,-84.24725799999999,33.78318000000007
1296,1297,5783,901111,901111,ROCKBRIDGE RD @ WILLOW RIDGE WAY,Shelter,125,DeKalb,,,-84.24714899999998,33.783269000000075
1297,1298,5784,901112,901112,NORTHERN AVE @ 280,Shelter,125,DeKalb,,,-84.24768299999994,33.78177500000004
1298,1299,5787,901115,901115,CENTENNIAL OLYMPIC PARK DR @ MILLS ST,Sign Strapped to Pole,51,Atlanta,,,-84.39181799999994,33.76530900000006
1299,1300,5794,901148,901148,RALPH MCGILL BLVD NE@COURTLAND ST,Sign Strapped to Pole,816,Atlanta,,,-84.38318999999996,33.764320000000055
1301,1302,5800,901165,901165,10TH ST NE @ JUNIPER ST NE,Sign on Post,36,Atlanta,,,-84.38242699999995,33.781777000000034
1302,1303,5814,901197,901197,N ARCADIA AVE @ COALTER WAY,Sign on Post,75,DeKalb,,,-84.27711099999999,33.78254300000003
1303,1304,5815,901198,901198,N ARCADIA AVE @ WINN WAY,Sign on Post,75;117,DeKalb,,,-84.27919899999995,33.77939600000008
1304,1305,5831,901227,901227,JOHN WESLEY DOBBS AVE @ HOWELL ST,Shelter,3;3,Atlanta,,,-84.37024499999995,33.759379000000024
1305,1306,5832,901228,901228,BOULEVARD NE @ IRWIN ST NE,Sign on Post,809,Atlanta,,,-84.37213499999996,33.757686000000035
1306,1307,5833,901229,901229,10TH ST NE @ PIEDMONT AVE NE,Sign on Post,36,Atlanta,,,-84.38033899999994,33.78182300000003
1307,1308,5834,901230,901230,10TH ST NE @ PIEDMONT AVE NE,Simme Seat,36,Atlanta,,,-84.38053499999995,33.78175100000004
1308,1309,5835,901231,901231,10TH ST NE @ JUNIPER ST NE,Sign Strapped to Pole,36,Atlanta,,,-84.38237299999997,33.78170600000004
1309,1310,5838,901234,901234,BOULEVARD NE @ IRWIN ST NE,Sign on Post,809,Atlanta,,,-84.37205899999998,33.757588000000055
1310,1311,5841,901241,901241,17TH ST NW @ SPRING ST NW,Shelter,37;94,Atlanta,,,-84.38904099999996,33.79196300000007
1311,1312,5842,901242,901242,17TH ST NW @ MARKET ST NW,Sign Strapped to Pole,37;94,Atlanta,,,-84.39554199999998,33.79136300000005
1312,1313,5843,901244,901244,WINN WAY @ 460,Sign on Post,117,DeKalb,,,-84.27939199999997,33.78763600000008
1314,1315,5848,901264,901264,PEACHTREE ST @ ALABAMA ST (FIVE POINTS STATION),Shelter,40;813,Atlanta,,,-84.39112999999998,33.75336200000004
1315,1316,5849,901265,901265,PEACHTREE ST @ MARTIN L KING JR DR,Sign Strapped to Pole,40;813,Atlanta,,,-84.39213999999998,33.75219900000008
1316,1317,5850,901269,901269,RALPH MCGILL BLVD @ ASHLEY AVE,Sign on Post,816,Atlanta,,,-84.36343499999998,33.766155000000026
1317,1318,5851,901270,901270,RALPH MCGILL BLVD NE @ JOHN LEWIS FREEDOM PKWY NE,Sign on Post,816,Atlanta,,,-84.35940599999998,33.768020000000035
1318,1319,5852,901271,901271,JOHN LEWIS FREEDOM PKWY NE @ 441,Sign on Post,816,Atlanta,,,-84.35492999999997,33.766485000000046
1319,1320,5853,901272,901272,JOHN LEWIS FREEDOM PKWY NE @ CARTER CENTER ENTR,Shelter,816,Atlanta,,,-84.35469799999998,33.76878000000005
1320,1321,5858,901277,901277,N ARCADIA AVE @ GRAYSON PL,Sign on Post,75,DeKalb,,,-84.27827599999995,33.780207000000075
1321,1322,5861,901284,901284,MARIETTA ST NW@PARKER ST NW,Sign on Post,26,Atlanta,,,-84.39741299999997,33.766279000000054
1322,1323,5862,901285,901285,PEACHTREE ST @ ANDREW YOUNG INTL BLVD (PEACHTREE CTR STN),Sign Strapped to Pole,40,Atlanta,,,-84.38748799999996,33.760560000000055
1323,1324,5863,901286,901286,PEACHTREE ST @ ELLIS ST,Sign Strapped to Pole,40,Atlanta,,,-84.38769899999994,33.75822000000005
1324,1325,5864,901287,901287,PEACHTREE ST @ BAKER ST,Sign Strapped to Pole,40,Atlanta,,,-84.38720899999998,33.762631000000056
1325,1326,5873,901308,901308,DEKALB INDUSTRIAL WAY @ N ARCADIA AVE,Sign on Post,75,DeKalb,,,-84.27643599999999,33.78364300000004
1326,1327,5883,901338,901338,MARIETTA ST NW @ SIMPSON ST NW,Bench,26,Atlanta,,,-84.39719999999994,33.76341100000008
1327,1328,5891,901350,901350,JOSEPH E BOONE BLVD @ SCIPLE TER NW,Bench,51,Atlanta,,,-84.41501399999999,33.76353100000006
1328,1329,5892,901351,901351,JOSEPH E BOONE BLVD @ ELM ST NW,Bench,51,Atlanta,,,-84.40902399999999,33.76350300000007
1329,1330,5893,901352,901352,JOSEPH E BOONE BLVD @ VINE ST NW,Bench,51,Atlanta,,,-84.40763399999997,33.763505000000066
1330,1331,5894,901354,901354,JOSEPH E BOONE BLVD @ MAPLE ST NW,Bench,51,Atlanta,,,-84.40541599999995,33.76351000000005
1331,1332,5895,901355,901355,JOSEPH E BOONE BLVD NW @ GRIFFIN ST NW,Shelter,51,Atlanta,,,-84.41134599999998,33.76324100000005
1332,1333,5896,901357,901357,RALPH MCGILL BLVD NE@760,Sign on Post,816,Atlanta,,,-84.36244199999999,33.766981000000044
1333,1334,5897,901360,901360,RALPH MCGILL BLVD NE @ JOHN LEWIS FREEDOM PKWY NE,Sign on Post,816,Atlanta,,,-84.35896499999996,33.76804400000003
1334,1335,5903,901372,901372,MARIETTA ST @ LATIMER ST,Sign on Post,26,Atlanta,,,-84.39648099999994,33.762042000000065
1335,1336,5904,901373,901373,PEACHTREE ST @ ANDREW YOUNG INTL BLVD,Sign Strapped to Pole,40,Atlanta,,,-84.38757499999997,33.75954100000007
1336,1337,5905,901376,901376,PEACHTREE ST NW @ POPLAR ST,Sign Strapped to Pole,40,Atlanta,,,-84.38883999999996,33.75563000000005
1337,1338,5912,901389,901389,IRWIN ST NE @ RANDOLPH ST NE,Sign on Post,3,Atlanta,,,-84.36854899999997,33.75756400000006
1338,1339,5927,901415,901415,PEACHTREE ST NE @ RENAISSANCE PKY NE,Shelter,40,Atlanta,,,-84.38534199999998,33.768448000000035
1339,1340,5928,901416,901416,PEACHTREE ST NE @ JOHN W DOBBS AVE NE,Sign Strapped to Pole,40,Atlanta,,,-84.38784299999998,33.75737300000003
1340,1341,5945,901441,901441,HOWELL MILL RD NW @ 14TH ST NW,Simme Seat,12,Atlanta,,,-84.41174899999999,33.78595700000005
1341,1342,5958,901460,901460,HUFF RD @ N ASHBY ST,Sign on Post,14,Atlanta,,,-84.41716499999995,33.78844000000004
1342,1343,5959,901461,901461,HUFF RD@FOSTER ST,Sign on Post,14,Atlanta,,,-84.41341799999998,33.78761000000003
1343,1344,6014,901557,901557,HUFF RD NW@FOSTER ST NW,Sign on Post,14,Atlanta,,,-84.41332999999997,33.787799000000064
1344,1345,6024,901585,901585,PEACHTREE ST NE @ 25TH ST NW,Shelter,110,Atlanta,,,-84.39298999999994,33.801495000000045
1345,1346,6037,901608,901608,E PONCE DE LEON AVE @ JULIETTE RD,Shelter,120;221,DeKalb,,,-84.18165599999998,33.816246000000035
1346,1347,6104,901702,901702,PIEDMONT RD NE @ PEACHTREE DR NE,Sign on Post,5,Atlanta,,,-84.36822199999995,33.83749900000004
1347,1348,6105,901703,901703,PIEDMONT RD NE @ E PACES FERRY RD NE,Shelter,5,Atlanta,,,-84.36885399999994,33.838752000000056
1348,1349,6106,901704,901704,PIEDMONT RD NE @ MARTINA DR NE,Sign on Post,5,Atlanta,,,-84.37062999999995,33.842269000000044
1349,1350,6107,901705,901705,PIEDMONT RD NE @ MARTINA DR NE,Sign on Post,5,Atlanta,,,-84.37052999999997,33.841710000000035
1350,1351,6108,901706,901706,PIEDMONT RD NE @ WESLEY RD NE,Sign on Post,5,Atlanta,,,-84.36808799999994,33.831503000000055
1351,1352,6113,901716,901716,HOWELL MILL RD NW @ HUFF RD NW,Shelter,12,Atlanta,,,-84.41185799999994,33.788155000000074
1352,1353,6114,901717,901717,HOWELL MILL RD NW @ 17TH ST,Sign on Post,12,Atlanta,,,-84.41219999999998,33.79055600000004
1353,1354,6115,901718,901718,HOWELL MILL RD NW@TRABERT AVE NW,Sign on Post,12,Atlanta,,,-84.41416999999996,33.79333500000007
1354,1355,6116,901719,901719,HOWELL MILL RD NW @ TRABERT AVE NW,Sign on Post,12,Atlanta,,,-84.41465199999999,33.79385800000006
1355,1356,6119,901725,901725,N DECATUR RD @ WASH LIVELY CIR,Sign on Post,123,DeKalb,,,-84.28346799999997,33.791979000000026
1356,1357,6122,901728,901728,N DECATUR RD NE @ PRINCETON WAY,Sign on Post,36,DeKalb,,,-84.31202999999994,33.79207500000007
1357,1358,6123,901729,901729,N DECATUR RD @ HAYGOOD DR,Sign on Post,36,DeKalb,,,-84.31468199999995,33.792080000000055
1358,1359,6127,901734,901734,JULIETTE RD @ STONE MILL WAY,Sign on Post,221,DeKalb,,,-84.18057099999999,33.81800400000003
1359,1360,6128,901735,901735,JULIETTE RD @ WOOD BEND DR (S),Shelter,221,DeKalb,,,-84.18101799999994,33.81750400000004
1360,1361,6134,901745,901745,CHURCH ST @ 1471,Sign on Post,36;123,DeKalb,,,-84.28663999999998,33.79012000000006
1361,1362,6135,901746,901746,CHURCH ST @ SYCAMORE DR,Sign on Post,36;123,DeKalb,,,-84.28591199999994,33.79101900000006
1362,1363,6136,901747,901747,N DECATUR RD @ WINN WAY,Sign on Post,123,DeKalb,,,-84.28144999999995,33.79247000000004
1363,1364,6137,901748,901748,N DECATUR RD @ 2787,Sign on Post,117;123,DeKalb,,,-84.28001999999998,33.792962000000045
1364,1365,6138,901750,901750,LAWRENCEVILLE HWY @ JORDAN LN,Sign on Post,75;123,DeKalb,,,-84.27949299999995,33.80163500000003
1365,1366,6143,901757,901757,PIEDMONT RD NE @ DARLINGTON RD,Sign on Post,5,Atlanta,,,-84.36800099999994,33.831619000000046
1366,1367,6144,901762,901762,PEACHTREE RD NE @ E SHADOWLAWN AVE,Sign on Post,110,Atlanta,,,-84.37425999999994,33.84164400000003
1367,1368,6145,901763,901763,PEACHTREE RD NW @ 3180,Sign on Post,110,Atlanta,,,-84.37556499999994,33.84117100000003
1368,1369,6146,901764,901764,PEACHTREE RD @ MATHIESON DR NE,Bench,110,Atlanta,,,-84.37724599999996,33.840422000000046
1369,1370,6147,901765,901765,PEACHTREE RD @ E PACES FERRY RD NE,Sign on Post,110,Atlanta,,,-84.37991199999999,33.83928400000008
1370,1371,6148,901766,901766,PEACHTREE RD @ BUCKHEAD AVE NE,Shelter,110,Atlanta,,,-84.38080299999996,33.83853500000004
1372,1373,6178,901813,901813,CHURCH ST @ GLENLAKE COMMONS DR,Sign on Post,36;123,DeKalb,,,-84.29178699999994,33.78550400000006
1373,1374,6200,901853,901853,CHURCH ST @ FORKNER DR,Sign on Post,36;123,DeKalb,,,-84.29017099999999,33.78659300000004
1374,1375,6201,901854,901854,WINN WAY @ 455,Shelter,117,DeKalb,,,-84.27923999999996,33.78805700000004
1375,1376,6202,901855,901855,CHURCH ST @ 1391,Sign on Post,36;123,DeKalb,,,-84.28865099999996,33.78830700000003
1376,1377,6203,901856,901856,CHURCH ST @ 1429,Sign on Post,36;123,DeKalb,,,-84.28777299999996,33.789127000000065
1377,1378,6204,901858,901858,DEKALB INDUSTRIAL WAY @ 685,Sign on Post,75;123,DeKalb,,,-84.27909299999999,33.79711500000008
1378,1379,6205,901859,901859,DEKALB INDUSTRIAL WAY @ 751,Shelter,75;123,DeKalb,,,-84.27992999999998,33.79861900000003
1379,1380,6206,901860,901860,DEKALB INDUSTRIAL WAY @ LAWRENCEVILLE HWY,Sign on Post,75;123,DeKalb,,,-84.28045999999995,33.800110000000075
1380,1381,6244,901911,901911,W MARIETTA ST NW @ LONGLEY AVE NW,Sign on Post,1;26,Atlanta,,,-84.42379099999994,33.78552300000007
1381,1382,6245,901912,901912,W MARIETTA ST NW @ HERNDON ST,Sign on Post,1;26,Atlanta,,,-84.42181199999999,33.78524900000008
1382,1383,6262,901941,901941,HOWELL MILL RD NW@HUFF RD NW,Sign on Post,12,Atlanta,,,-84.41174199999995,33.78764600000005
1383,1384,6323,902051,902051,HOWELL MILL RD NW@14TH ST NW,Sign on Post,12,Atlanta,,,-84.41160499999995,33.78630400000003
1384,1385,6327,902061,902061,N DECATUR RD NE @ HAYGOOD DR NE,Sign on Post,36,DeKalb,,,-84.31428199999993,33.79204800000008
1385,1386,6371,902124,902124,W MARIETTA ST NW @ HERNDON ST NW,Sign on Post,1;26,Atlanta,,,-84.42149299999994,33.78507600000006
1386,1387,6379,902133,902133,MONROE DR NE@PARK DR NE,Sign on Post,809,Atlanta,,,-84.36748499999999,33.785946000000024
1387,1388,6446,902247,902247,HUFF RD@BOOTH ST,Sign on Post,14,Atlanta,,,-84.41670199999999,33.78835200000003
1388,1389,6449,902253,902253,N HIGHLAND AVE NE @ AMSTERDAM AVE,Sign on Post,36;816,Atlanta,,,-84.35529599999995,33.78757900000005
1389,1390,6450,902254,902254,N HIGHLAND AVE NE @ MCLYNN AVE NE,Sign on Post,36;816,Atlanta,,,-84.35536199999996,33.78841800000004
1390,1391,6460,902276,902276,NORTHSIDE DR NW@NORTHSIDE CIR NW,Sign on Post,37,Atlanta,,,-84.40781099999998,33.79714800000005
1391,1392,6500,902332,902332,E PONCE DE LEON AVE @ JULIETTE RD,Sign on Post,120;221,DeKalb,,,-84.18183699999997,33.81600100000003
1392,1393,6510,902360,902360,PONCE DE LEON AVE NE @ FAIRVIEW RD NE,Sign on Post,2,Atlanta,,,-84.33732599999996,33.77385200000003
1393,1394,6511,902361,902361,PONCE DE LEON AVE @ CLIFTON RD,Sign on Post,2,Atlanta,,,-84.33069299999994,33.77366400000005
1394,1395,6521,902384,902384,PEACHTREE ST @ 3RD ST,Sign Strapped to Pole,40,Atlanta,,,-84.38471499999997,33.77355200000005
1395,1396,6522,902385,902385,PEACHTREE ST @ 3RD ST NE,Sign Strapped to Pole,40,Atlanta,,,-84.38487299999997,33.77384600000005
1396,1397,6523,902387,902387,PEACHTREE ST @ 11TH ST,Sign Strapped to Pole,40,Atlanta,,,-84.38384199999996,33.78283000000005
1397,1398,6524,902390,902390,PEACHTREE ST @ 4TH ST,Sign Strapped to Pole,40,Atlanta,,,-84.38457499999998,33.77486000000005
1398,1399,6525,902391,902391,PEACHTREE ST @ 5TH ST,Sign on Post,40,Atlanta,,,-84.38453799999996,33.77621000000005
1399,1400,6526,902392,902392,PEACHTREE ST @ 6TH ST,Sign Strapped to Pole,40,Atlanta,,,-84.38442499999996,33.777390000000025
1400,1401,6527,902393,902393,PEACHTREE ST @ PEACHTREE PL,Sign Strapped to Pole,40,Atlanta,,,-84.38418099999996,33.78092900000007
1401,1402,6528,902400,902400,PONCE DE LEON AVE NE @ CLIFTON RD,Sign on Post,2,Atlanta,,,-84.33095399999996,33.77366400000005
1402,1403,6541,902424,902424,MONROE DR@PARK DR,Sign on Post,809,Atlanta,,,-84.36728099999993,33.78540600000008
1403,1404,6562,902455,902455,PEACHTREE ST @ BUFORD SPRING CONN,Shelter,110,Atlanta,,,-84.39079299999997,33.79810200000003
1404,1405,6563,902456,902456,PEACHTREE ST NE @ PEACHTREE CIR NE,Sign on Post,110,Atlanta,,,-84.38774499999994,33.795818000000054
1405,1406,6564,902457,902457,PEACHTREE ST NE @ PEACHTREE ST NW,Sign on Post,110,Atlanta,,,-84.38792399999994,33.79505500000005
1406,1407,6582,902485,902485,PEACHTREE ST NE @ 16TH ST NE,Sign on Post,37;94;110,Atlanta,,,-84.38522899999998,33.79069100000004
1407,1408,6583,902487,902487,15TH ST NE @ PEACHTREE ST NE,Sign Strapped to Pole,27;40,Atlanta,,,-84.38480299999998,33.78843500000005
1408,1409,6584,902489,902489,PEACHTREE ST NE @ 16TH ST NE,Bench,110,Atlanta,,,-84.38477299999994,33.790215000000046
1409,1410,6585,902490,902490,PEACHTREE ST NE@17TH ST NE,Sign Strapped to Pole,110,Atlanta,,,-84.38617699999998,33.79234700000006
1410,1411,6586,902491,902491,PEACHTREE ST NE@W PEACHTREE ST NW,Sign Strapped to Pole,110,Atlanta,,,-84.38750499999998,33.79445800000008
1411,1412,6587,902492,902492,PEACHTREE ST NW @ PEACHTREE CIR NE,Shelter,110,Atlanta,,,-84.38761499999998,33.79555500000004
1412,1413,6600,902512,902512,PEACHTREE ST NE @ 17TH ST NE,Shelter,110,Atlanta,,,-84.38640499999997,33.792489000000046
1413,1414,6601,902513,902513,PEACHTREE RD @ PHARR RD NE,Shelter,110,Atlanta,,,-84.38137899999998,33.836966000000075
1414,1415,6602,902514,902514,15TH ST NE @ ARTS CENTER WAY NE,Shelter,27;40;110,Atlanta,,,-84.38567999999998,33.788298000000054
1415,1416,6603,902515,902515,15TH ST NE @ PEACHTREE ST NE,Sign on Post,27;40,Atlanta,,,-84.38397599999996,33.788310000000024
1416,1417,6604,902516,902516,PEACHTREE ST NE @ 15TH ST NE,Sign Strapped to Pole,110,Atlanta,,,-84.38434299999994,33.78955000000008
1417,1418,6605,902517,902517,PEACHTREE ST NE@SPRING ST NW,Sign Strapped to Pole,110,Atlanta,,,-84.38891099999995,33.797304000000054
1418,1419,6606,902519,902519,N HIGHLAND AVE NE @ AMSTERDAM AVE,Sign on Post,36;816,Atlanta,,,-84.35539399999999,33.78762300000005
1419,1420,6607,902521,902521,PIEDMONT AVE NE @ 14TH ST NE,Sign on Post,27,Atlanta,,,-84.37806999999998,33.787090000000035
1420,1421,6611,902525,902525,N HIGHLAND AVE NE @ GLEN ARDEN WAY,Sign on Post,36;816,Atlanta,,,-84.35492499999998,33.78493800000007
1421,1422,6626,902548,902548,PEACHTREE ST NE @ HUNTINGTON RD NE,Sign on Post,110,Atlanta,,,-84.39269299999995,33.80218100000008
1422,1423,6643,902573,902573,PEACHTREE ST NE @ DEERING RD,Sign Strapped to Pole,110,Atlanta,,,-84.39231699999993,33.799852000000044
1423,1424,6644,902574,902574,PEACHTREE ST NE @ 25TH ST NW,Sign Strapped to Pole,110,Atlanta,,,-84.39271499999995,33.80130800000006
1424,1425,6648,902581,902581,14TH ST@JUNIPER ST,Sign Strapped to Pole,27,Atlanta,,,-84.38171299999999,33.78645000000006
1425,1426,6662,902605,902605,HUFF RD NW @ HOWELL MILL RD NW,Sign on Post,14,Atlanta,,,-84.41213399999998,33.78772900000007
1426,1427,6663,902610,902610,NORTHSIDE DR NW @ 17TH ST NW,Bench,94,Atlanta,,,-84.40792799999997,33.79061400000006
1427,1428,6677,902626,902626,MANSELL RD@DUKE DR,Sign on Post,85,Fulton,,,-84.31856999999997,34.04015300000003
1428,1429,6683,902634,902634,MANSELL RD@KINGSWOOD PL,Sign Strapped to Pole,85,Fulton,,,-84.32139899999999,34.040223000000026
1429,1430,6685,902636,902636,NORTH POINT PKWY @ MANSELL RD,Sign on Post,140;141,Fulton,,,-84.30571799999996,34.03921200000008
1430,1431,6696,902653,902653,HAYNES BRIDGE RD @ WESTSIDE PKWY,Sign on Post,141,Fulton,,,-84.28914599999996,34.06105500000007
1431,1432,6701,902663,902663,JOHNSON FERRY RD@HARLESTON RD,Sign on Post,5,Fulton,,,-84.37494799999996,33.92367200000007
1432,1433,6702,902664,902664,HAMMOND DR@BOYLSTON DR,Sign on Post,87,Fulton,,,-84.37643899999995,33.919219000000055
1433,1434,6703,902665,902665,HAMMOND DR NE @ GLENRIDGE DR NE,Bench,5;87,Fulton,,,-84.36326699999995,33.91892400000006
1434,1435,6704,902668,902668,ASHFORD DUNWOODY RD @ ASHFORD CENTER PKY,Sign on Post,150,DeKalb,,,-84.33821299999994,33.93894900000004
1435,1436,6705,902669,902669,ASHFORD DUNWOODY RD@ASHFORD CTR N,Sign on Post,150,DeKalb,,,-84.33823499999994,33.94129300000003
1436,1437,6711,902682,902682,NORTH POINT PKWY @ 7731,Sign on Post,140;141,Fulton,,,-84.30579599999999,34.03965600000004
1437,1438,6726,902700,902700,ROSWELL RD NE @ HILDERBRAND DR NE,Shelter,5;87,Fulton,,,-84.37928399999998,33.92268100000007
1438,1439,6727,902702,902702,ROSWELL RD NE @ SANDY SPRINGS CIR NE,Shelter,87,Fulton,,,-84.37941499999994,33.92701100000005
1439,1440,6728,902703,902703,HAMMOND DR NE @ ROSWELL RD,Bench,87,Fulton,,,-84.37878399999994,33.91918000000004
1440,1441,6729,902704,902704,HAMMOND DR @ CONCOURSE PKWY,Shelter,5;87,Fulton,,,-84.35273199999995,33.91897200000005
1441,1442,6730,902705,902705,S MAIN ST @ MAXWELL RD,Sign on Post,185,Fulton,,,-84.30161499999997,34.067800000000034
1442,1443,6731,902706,902706,S MAIN ST @ JANIS LN,Sign on Post,185,Fulton,,,-84.29786999999999,34.06983900000006
1443,1444,6732,902707,902707,HAYNES BRIDGE RD@11385,Sign on Post,141,Fulton,,,-84.28636899999998,34.05688600000008
1444,1445,6733,902708,902708,HAYNES BRIDGE RD @ RAINWATER DR,Sign on Post,141,Fulton,,,-84.29155299999996,34.063717000000054
1445,1446,6734,902709,902709,HAYNES BRIDGE RD @ WOODHAVEN WAY,Sign on Post,141,Fulton,,,-84.29178199999996,34.06344900000005
1446,1447,6735,902710,902710,HAYNES BRIDGE RD @ RAINWATER BLVD,Shelter,141,Fulton,,,-84.29046999999997,34.061653000000035
1447,1448,6742,902723,902723,MANSELL RD @ WESTSIDE WAY,Bench,85,Fulton,,,-84.31926699999997,34.040324000000055
1448,1449,6745,902726,902726,ASHFORD DUNWOODY RD@ASHFORD PKY,Sign on Post,150,DeKalb,,,-84.33757399999996,33.93416000000008
1449,1450,6746,902727,902727,ASHFORD DUNWOODY RD @ ASHFORD CENTER,Sign on Post,150,DeKalb,,,-84.33806299999998,33.93981100000008
1450,1451,6747,902728,902728,ASHFORD DUNWOODY RD@VALLEY VIEW RD,Shelter,150,DeKalb,,,-84.33775499999996,33.93620100000004
1451,1452,6748,902732,902732,NORTH POINT PKWY @ 7301,Sign on Post,140;141,Fulton,,,-84.30372799999998,34.042031000000065
1452,1453,6749,902733,902733,NORTH POINT PKWY @ 7231,Sign on Post,140;141,Fulton,,,-84.30214299999994,34.04309000000006
1453,1454,6750,902735,902735,NORTH POINT PKWY @ 6440,Sign on Post,140;141,Fulton,,,-84.29369499999996,34.045281000000045
1454,1455,6759,902746,902746,JOHNSON FERRY RD NE @ GLENRIDGE DR NE,Sign Strapped to Pole,5,Fulton,,,-84.36799699999995,33.922431000000074
1455,1456,6761,902749,902749,ROSWELL RD NE @ ALLEN RD,Shelter,5,Fulton,,,-84.37954999999994,33.91372000000007
1456,1457,6762,902751,902751,ROSWELL RD NE @ HAMMOND DR NE,Shelter,5,Fulton,,,-84.37917499999998,33.91856900000005
1457,1458,6763,902753,902753,HAMMOND DR @ BOYLSTON DR,Shelter,87,Fulton,,,-84.37690299999997,33.91903600000006
1458,1459,6781,902775,902775,ACADEMY ST @ HAYNES BRIDGE RD,Sign on Post,141,Fulton,,,-84.29204499999997,34.07555600000006
1459,1460,6782,902776,902776,HAYNES BRIDGE RD @ ROCK MILL RD,Sign on Post,141,Fulton,,,-84.28540099999998,34.05185200000005
1460,1461,6783,902777,902777,HAYNES BRIDGE RD @ NORTHWINDS PKWY,Sign on Post,141,Fulton,,,-84.28737499999994,34.05860700000005
1461,1462,6799,902801,902801,NORTH POINT PKWY @ ENCORE PKWY,Sign on Post,140;141,Fulton,,,-84.29952699999996,34.044106000000056
1462,1463,6800,902802,902802,NORTH POINT PKWY @ ENCORE PKWY,Sign on Post,140;141,Fulton,,,-84.29976699999997,34.04375700000003
1463,1464,6801,902803,902803,NORTH POINT PKWY @ 7300,Sign on Post,140;141,Fulton,,,-84.30180899999993,34.042954000000066
1464,1465,6802,902804,902804,NORTH POINT PKWY @ 7300,Sign on Post,140;141,Fulton,,,-84.30322199999995,34.042047000000025
1465,1466,6810,902816,902816,HAMMOND DR NE @ CONCOURSE PKWY,Shelter,5;87,Fulton,,,-84.35467099999994,33.918900000000065
1466,1467,6811,902817,902817,HAYNES BRIDGE RD @ LAKEVIEW PKWY,Sign on Post,141,Fulton,,,-84.28694999999999,34.057292000000075
1467,1468,6812,902820,902820,NORTH POINT PKWY @ NORTH POINT CT,Sign on Post,140;141,Fulton,,,-84.28849299999996,34.04773600000004
1468,1469,6813,902821,902821,NORTH POINT PKY@GEORGIA LANE,Sign on Post,140,Fulton,,,-84.28328499999998,34.04988000000003
1469,1470,6814,902822,902822,NORTH POINT PKWY @ GEORGIA LN,Sign on Post,140,Fulton,,,-84.28397499999994,34.04924700000004
1470,1471,6825,902839,902839,MARTIN L KING JR DR NW @ OLLIE ST NW,Sign on Post,3,Atlanta,,,-84.42118599999998,33.75480900000008
1471,1472,6827,902841,902841,NORTH POINT PWKY @ 6499,Sign on Post,140;141,Fulton,,,-84.29406999999998,34.04538500000007
1472,1473,6829,902846,902846,HAYNES BRIDGE RD@NORTH POINT DR,Sign on Post,141,Fulton,,,-84.28598599999998,34.049964000000045
1473,1474,6840,902864,902864,CHAMBLEE DUNWOODY RD @ MT VERNON RD,Shelter,150,DeKalb,,,-84.33455499999997,33.94623700000005
1474,1475,6841,902865,902865,CHAMBLEE DUNWOODY RD @ NANDINA LN,Shelter,150;150,DeKalb,,,-84.33551199999994,33.947692000000075
1475,1476,6842,902866,902866,CHAMBLEE DUNWOODY RD @ DUNWOODY VILLAGE PKWY,Sign on Post,150;150,DeKalb,,,-84.33632199999994,33.94932700000004
1476,1477,6844,902868,902868,HAMMOND DR NE @ BARFIELD RD NE,Sign on Post,5;87,Fulton,,,-84.36033599999996,33.91911300000004
1477,1478,6845,902872,902872,NORTH POINT PKWY @ MANSELL RD,Bench,140;141,Fulton,,,-84.30650999999995,34.03830000000005
1478,1479,6852,902882,902882,CAROLINE ST @ 1270,Sign on Post,102,Atlanta,,,-84.34706499999999,33.75843700000007
1479,1480,6856,902888,902888,HAMMOND DR @ PEACHTREE DUNWOODY RD,Shelter,5;87,Fulton,,,-84.34995399999997,33.91869500000007
1480,1481,6858,902890,902890,PEACHTREE DUNWOODY RD @ HOLLIS COBB CIR,Shelter,825,Fulton,,,-84.35226299999994,33.90943200000004
1481,1482,6860,902902,902902,ATLANTA STUDENT MOVEMENT BLVD @ NORTHSIDE DR SW,Shelter,813,Atlanta,,,-84.40493599999996,33.74892900000003
1482,1483,6865,902913,902913,CAROLINE ST @ 1245,Sign Strapped to Pole,102,Atlanta,,,-84.34773899999999,33.75833800000004
1483,1484,6879,902928,902928,HAYNES BRIDGE RD @ NORTH POINT PKWY,Sign Strapped to Pole,141,Fulton,,,-84.28671999999995,34.04906100000005
1484,1485,6889,902941,902941,GLENDALE RD @ HATTON DR,Sign on Post,8,DeKalb,,,-84.25407299999995,33.78733700000004
1485,1486,6890,902946,902946,CHAPEL ST @ 7TH STREET,Sign on Post,8,DeKalb,,,-84.25608599999998,33.78660400000007
1486,1487,6891,902948,902948,NORTH POINT PKWY @ MILL CREEK AVE,Sign Strapped to Pole,140,Fulton,,,-84.28143799999998,34.04983600000003
1487,1488,6892,902949,902949,NORTH POINT PKY @ NORTH POINT DR,Sign Strapped to Pole,140,Fulton,,,-84.28075399999994,34.05045400000006
1488,1489,6904,902968,902968,NORTH POINT PKWY @ NORTH POINT CT,Shelter,140;141,Fulton,,,-84.28858099999997,34.04797800000006
1489,1490,6905,902970,902970,DUNWOODY VILLAGE PKY @ MT VERNON RD,Sign on Post,150;150,DeKalb,,,-84.33161799999993,33.94760700000006
1490,1491,6906,902971,902971,DUNWOODY VILLAGE PKY @ 1424,Sign on Post,150;150,DeKalb,,,-84.33264999999994,33.94936700000005
1491,1492,6908,902974,902974,ASHFORD DUNWOODY RD@MT VERNON RD,Sign on Post,150,DeKalb,,,-84.33789799999994,33.94277000000005
1492,1493,6920,902990,902990,VIRGINIA AVE NE @ TODD RD NE,Sign Strapped to Pole,36,Atlanta,,,-84.35507599999994,33.78232500000007
1493,1494,6921,902995,902995,ROSWELL RD NE @ 6500,Sign on Post,87,Fulton,,,-84.37999999999994,33.933925000000045
1494,1495,6922,902999,902999,HAMMOND DR NE @ PEACHTREE DUNWOODY RD,Shelter,5;87,Fulton,,,-84.34988799999996,33.91890100000006
1495,1496,6924,903004,903004,ASHFORD DUNWOODY RD @ ASHFORD CTR N,Shelter,150,DeKalb,,,-84.33832299999995,33.941633000000024
1496,1497,6925,903005,903005,ASHFORD DUNWOODY RD@ASHFORD GABLES,Shelter,150,DeKalb,,,-84.33802799999995,33.93666700000006
1497,1498,6926,903006,903006,ASHFORD DUNWOODY RD@ASHWOOD PKWY,Shelter,150,DeKalb,,,-84.33787999999998,33.93386100000004
1499,1500,6928,903010,903010,HAMMOND DR NE @ BARFIELD RD,Shelter,5;87,Fulton,,,-84.36043399999994,33.91894300000007
1500,1501,6941,903034,903034,PEACHTREE DUNWOODY RD @ JOHNSON FERRY RD,Sign on Post,825,Fulton,,,-84.35238999999996,33.90745500000003
1501,1502,6956,903060,903060,ROCKBRIDGE RD @ S INDIAN CREEK DR,Bench,117,DeKalb,,,-84.23238499999997,33.786883000000046
1502,1503,6988,903114,903114,HAYNES BRIDGE RD @ NORTH POINT DR,Sign on Post,141,Fulton,,,-84.28628499999996,34.05037300000004
1503,1504,6989,903116,903116,MANSELL RD@KINGSWOOD PL,Sign on Post,85,Fulton,,,-84.32185299999998,34.03999300000004
1504,1505,6991,903119,903119,MANSELL RD@DAVIS DR,Sign on Post,85,Fulton,,,-84.31568399999998,34.04040500000008
1506,1507,7000,903128,903128,MT VERNON RD @ VERNON RIDGE DR,Sign on Post,150,DeKalb,,,-84.32685999999995,33.947790000000055
1507,1508,7017,903158,903158,JOHNSON FERRY RD NE @ ROSWELL RD,Sign on Post,5;148,Fulton,,,-84.37759899999998,33.924645000000055
1511,1512,7024,903184,903184,JOHNSON FERRY RD NE@GLENRIDGE DR NE,Sign on Post,5,Fulton,,,-84.36758299999997,33.922180000000026
1512,1513,7027,903188,903188,NORTH POINT PKWY @ 6360,Sign on Post,140;141,Fulton,,,-84.29051899999996,34.04667400000005
1513,1514,7028,903189,903189,NORTH POINT PKWY @ 6250,Bench,140;141,Fulton,,,-84.29038099999997,34.04698500000006
1514,1515,7029,903190,903190,HAYNES BRIDGE RD @ DEVORE RD,Sign on Post,141,Fulton,,,-84.29309799999999,34.066925000000026
1515,1516,7030,903191,903191,HAYNES BRIDGE RD@11770,Sign on Post,141,Fulton,,,-84.29392499999994,34.06888200000003
1516,1517,7031,903192,903192,HAYNES BRIDGE RD @ DEVORE RD,Sign on Post,141,Fulton,,,-84.29311299999995,34.066134000000034
1517,1518,7035,903199,903199,HAMMOND DR@GLENRIDGE DR,Bench,5;87,Fulton,,,-84.36394099999995,33.919057000000066
1518,1519,7045,903221,903221,HAMMOND DR NE@KAYRON DR,Sign on Post,87,Fulton,,,-84.37179899999995,33.91904100000005
1519,1520,7046,903222,903222,HAMMOND DR@KAYRON DR,Sign on Post,87,Fulton,,,-84.37162299999994,33.91909100000004
1520,1521,7047,903225,903225,BOULEVARD NE @ EAST AVE NE,Sign on Post,809,Atlanta,,,-84.37187899999998,33.76303100000007
1521,1522,7048,903226,903226,BOULEVARD NE @ RALPH MCGILL BLVD NE,Sign on Post,809,Atlanta,,,-84.37185599999998,33.763851000000045
1522,1523,7049,903228,903228,BOULEVARD NE @ ANGIER AVE NE,Sign on Post,809,Atlanta,,,-84.37178499999999,33.76622100000003
1523,1524,7064,903252,903252,BOULEVARD NE @ MORGAN ST NE,Sign on Post,809,Atlanta,,,-84.37176699999998,33.76867200000004
1524,1525,7076,903281,903281,RALPH MCGILL BLVD NE@PIEDMONT AVE N,Sign Strapped to Pole,816,Atlanta,,,-84.38106599999998,33.76411800000005
1525,1526,7077,903282,903282,RALPH MCGILL BLVD NE @ PIEDMONT AVE NE,Shelter,816,Atlanta,,,-84.37881499999997,33.76418300000006
1526,1527,7078,903283,903283,RALPH MCGILL BLVD NE@PARK CENTRAL P,Sign on Post,816,Atlanta,,,-84.37805399999996,33.76405700000004
1527,1528,7079,903284,903284,RALPH MCGILL BLVD NE@CENTRAL PARK PL,Sign on Post,816,Atlanta,,,-84.37744499999997,33.76413800000006
1528,1529,7086,903298,903298,WESTWOOD AVE SW @ ONTARIO AVE SW,Sign on Post,68,Atlanta,,,-84.43914299999994,33.738699000000054
1529,1530,7102,903321,903321,DONNELLY AVE SW @ CASCADE AVE SW,Bench,68,Atlanta,,,-84.43515299999996,33.73803200000003
1530,1531,7103,903322,903322,WESTWOOD AVE SW @ WILLARD AVE SW,Sign on Post,68,Atlanta,,,-84.43717199999998,33.73855200000003
1531,1532,7111,903332,903332,EDGEWOOD AVE @ PEACHTREE ST,Sign Strapped to Pole,3,Atlanta,,,-84.38946199999998,33.75452700000005
1532,1533,7113,903334,903334,MEMORIAL DR @ GEORGE LUTHER DR,Shelter,121,DeKalb,,,-84.23823399999998,33.78059500000006
1533,1534,7114,903335,903335,MEMORIAL DR @ LADONNA DR,Simme Seat,121,DeKalb,,,-84.23668799999996,33.782823000000064
1534,1535,7115,903336,903336,MARIETTA ST NW @ PARK AVE WEST,Sign Strapped to Pole,26,Atlanta,,,-84.39482699999996,33.759832000000074
1535,1536,7124,903357,903357,MEMORIAL DR @ N INDIAN CREEK DR,Shelter,121,DeKalb,,,-84.23657799999995,33.78344000000004
1536,1537,7125,903358,903358,MEMORIAL DR @ GEORGE LUTHER DR,Shelter,121,DeKalb,,,-84.23874599999994,33.78032700000006
1537,1538,7127,903360,903360,ROCKBRIDGE RD@SAFARI CIR,Sign on Post,117,DeKalb,,,-84.22702599999997,33.78628800000007
1538,1539,7128,903361,903361,ROCKBRIDGE RD@SAFARI CIR,Sign on Post,117,DeKalb,,,-84.22696099999996,33.78634200000005
1539,1540,7138,903384,903384,ROCKBRIDGE RD@3771,Sign on Post,125,DeKalb,,,-84.23784599999999,33.78375900000003
1540,1541,7139,903385,903385,ROCKBRIDGE RD @ 3656,Sign on Post,125,DeKalb,,,-84.24105999999995,33.782388000000026
1541,1542,7142,903388,903388,ROCKBRIDGE RD @ 3672,Sign on Post,125,DeKalb,,,-84.24069299999996,33.78232300000008
1542,1543,7144,903402,903402,BOULEVARD NE @ MORGAN ST NE,Sign on Post,809,Atlanta,,,-84.37198299999994,33.768699000000026
1543,1544,7145,903404,903404,BOULEVARD NE @ RALPH MCGILL BLVD NE,Sign on Post,809,Atlanta,,,-84.37207799999999,33.76407400000005
1544,1545,7159,903432,903432,BOULEVARD NE @ ANGIER AVE NE,Sign Strapped to Pole,809,Atlanta,,,-84.37202899999994,33.766516000000024
1545,1546,7160,903445,903445,WESTWOOD AVE SW@ONTARIO AVE SW,Sign on Post,68,Atlanta,,,-84.43917399999998,33.73855500000008
1546,1547,7170,903457,903457,JACKSON ST SE @ CHAMBERLAIN ST SE,Sign on Post,899,Atlanta,,,-84.37439399999994,33.753648000000055
1547,1548,7171,903459,903459,JACKSON ST NE @ IRWIN ST NE,Sign on Post,3;899,Atlanta,,,-84.37425499999995,33.757435000000044
1548,1549,7172,903460,903460,BOULEVARD NE @ HIGHLAND AVE NE,Sign on Post,809,Atlanta,,,-84.37185699999998,33.76113900000007
1549,1550,7173,903461,903461,BOULEVARD NE @ CAIN ST NE,Sign on Post,809,Atlanta,,,-84.37209799999994,33.75981800000005
1550,1551,7174,903462,903462,JACKSON ST NE @ IRWIN ST NE,Sign on Post,3;899,Atlanta,,,-84.37436399999996,33.75746200000003
1551,1552,7175,903463,903463,BOULEVARD NE @ HIGHLAND AVE NE,Shelter,809,Atlanta,,,-84.37207299999994,33.76169600000003
1552,1553,7180,903475,903475,E PONCE DE LEON AVE @ JAMES B RIVERS MEMORIAL DR,Sign on Post,119,DeKalb,,,-84.17191099999997,33.81190700000008
1553,1554,7193,903499,903499,N DECATUR RD @ CLAIRMONT RD,Bench,36,DeKalb,,,-84.30678999999998,33.790268000000026
1554,1555,7194,903500,903500,N DECATUR RD @ WEBSTER DR,Shelter,36,DeKalb,,,-84.30441699999994,33.79028400000004
1555,1556,7195,903501,903501,N DECATUR RD @ SHERMAN WAY,Sign on Post,36,DeKalb,,,-84.30198099999996,33.79064100000005
1556,1557,7196,903502,903502,N DECATUR RD @ CLAIRMONT CIR,Sign on Post,36,DeKalb,,,-84.30212199999994,33.79070400000006
1557,1558,7197,903503,903503,MEMORIAL DR @ 5158 (MEMORIAL BEND SC),Shelter,121;221,DeKalb,,,-84.22402499999998,33.79724300000004
1558,1559,7198,903504,903504,MEMORIAL DR @ MEMORIAL COLLEGE AVE,Shelter,121,DeKalb,,,-84.22634099999993,33.79528000000005
1559,1560,7199,903505,903505,MEMORIAL DR @ SPRING CHASE CIR,Shelter,121,DeKalb,,,-84.23082699999998,33.79043600000006
1560,1561,7200,903506,903506,MEMORIAL DR @ GEORGIA PIEDMONT TECH COLLEGE DR,Shelter,121;221,DeKalb,,,-84.23219999999998,33.78864600000003
1561,1562,7201,903507,903507,MEMORIAL DR @ 5211 (STONEMONT VILLAGE SC),Shelter,121;221,DeKalb,,,-84.22336599999994,33.79728700000004
1562,1563,7215,903548,903548,LENA ST @ MAYSON TURNER RD,Sign on Post,68,Atlanta,,,-84.41672999999997,33.75658000000004
1563,1564,7216,903549,903549,CARTER ST @ LEACH ST,Sign on Post,68,Atlanta,,,-84.41399999999999,33.75640000000004
1564,1565,7222,903568,903568,N DECATUR RD NE @ PRINCETON WAY,Sign on Post,36,DeKalb,,,-84.31028999999995,33.79133200000007
1565,1566,7230,903578,903578,N DECATUR RD @ SUPERIOR AVE,Bench,36,DeKalb,,,-84.29978299999993,33.79099000000008
1566,1567,7231,903579,903579,CLAIRMONT RD@CLAIRMONT LK,Sign on Post,19,DeKalb,,,-84.30946299999994,33.801409000000035
1567,1568,7232,903580,903580,DEKALB INDUSTRIAL WAY @ MILSCOTT DR,Sign on Post,75;123,DeKalb,,,-84.27807999999999,33.79623000000004
1568,1569,7234,903582,903582,CLAIRMONT RD @ CLAIRMONT LAKE,Sign on Post,19,DeKalb,,,-84.30955899999998,33.801213000000075
1569,1570,7235,903584,903584,N DECATUR RD @ 3711,Sign on Post,117,DeKalb,,,-84.24318799999998,33.785746000000074
1570,1571,7236,903585,903585,N DECATUR RD @ NORTHERN AVE,Sign on Post,117,DeKalb,,,-84.24577499999998,33.78672300000005
1571,1572,7237,903586,903586,N DECATUR RD @ NORTHERN AVE,Sign on Post,117,DeKalb,,,-84.24747499999995,33.78756100000004
1572,1573,7239,903588,903588,N DECATUR RD @ KENTUCKY ST,Sign on Post,117,DeKalb,,,-84.26937899999996,33.79380800000007
1573,1574,7240,903589,903589,N DECATUR RD @ JORDAN LN,Sign on Post,117,DeKalb,,,-84.27161199999995,33.79373700000008
1574,1575,7241,903590,903590,N DECATUR RD @ DEKALB INDUSTRIAL WAY,Shelter,117,DeKalb,,,-84.27611499999995,33.793922000000066
1575,1576,7253,903603,903603,JAMES P BRAWLEY DR @ CARTER ST,Sign on Post,68,Atlanta,,,-84.41278399999999,33.75625700000006
1576,1577,7257,903609,903609,N DECATUR RD @ DEKALB INDUSTRIAL WAY,Shelter,117,DeKalb,,,-84.27545099999998,33.79375700000003
1577,1578,7260,903612,903612,DEKALB INDUSTRIAL WAY @ N DECATUR RD,Shelter,75;123,DeKalb,,,-84.27661399999994,33.79445500000003
1578,1579,7261,903614,903614,N DECATUR RD @ CLAIRMONT CIR,Sign on Post,36,DeKalb,,,-84.30138999999997,33.79097000000007
1579,1580,7262,903615,903615,N DECATUR RD @ N SUPERIOR AVE,Sign on Post,36,DeKalb,,,-84.29963199999997,33.79117700000006
1580,1581,7263,903617,903617,N DECATUR RD @ WENDAN DR,Sign on Post,36,DeKalb,,,-84.29678099999995,33.79245700000007
1581,1582,7266,903622,903622,N DECATUR RD @ WENDAN DR,Sign on Post,36,DeKalb,,,-84.29673999999994,33.792680000000075
1582,1583,7267,903624,903624,N DECATUR RD @ SUZANNE DR,Sign on Post,36,DeKalb,,,-84.29407499999996,33.79364000000004
1583,1584,7274,903638,903638,E PONCE DE LEON AVE @ TUGGLE DR,Sign on Post,119,DeKalb,,,-84.17424899999997,33.81267100000008
1584,1585,7283,903657,903657,N DECATUR RD @ GLENDALE RD,Shelter,117,DeKalb,,,-84.25241899999997,33.78986400000008
1585,1586,7284,903658,903658,N DECATUR RD @ PARKDALE DR,Shelter,8;117,DeKalb,,,-84.25628799999998,33.791259000000025
1586,1587,7285,903659,903659,N DECATUR RD @ GIFFORD DR,Shelter,8;117,DeKalb,,,-84.25831099999994,33.79211900000007
1587,1588,7296,903677,903677,ROCKBRIDGE RD@SUSAN CREEK DR,Sign on Post,117,DeKalb,,,-84.22601299999997,33.78581600000007
1588,1589,7311,903697,903697,N DECATUR RD @ WINN WAY,Sign on Post,123,DeKalb,,,-84.28069999999997,33.79290000000003
1589,1590,7312,903698,903698,CHURCH ST @ N DECATUR RD,Sign on Post,123,DeKalb,,,-84.28525299999995,33.79203300000006
1590,1591,7313,903699,903699,CHURCH ST @ WILLOW LN,Sign on Post,36;123,DeKalb,,,-84.29304999999994,33.78501000000006
1591,1592,7326,903724,903724,N DECATUR RD @ MCHENRY AVE,Sign on Post,8;117,DeKalb,,,-84.25660399999998,33.791304000000025
1592,1593,7327,903725,903725,N DECATUR RD @ KENTUCKY ST,Sign on Post,117,DeKalb,,,-84.26957799999997,33.79362900000007
1593,1594,7340,903740,903740,MEMORIAL DR @ MOUNTAIN VIEW DR,Sign on Post,119,DeKalb,,,-84.18792599999995,33.80540200000007
1594,1595,7341,903741,903741,W MOUNTAIN ST @ MEADOW ROCK DR,Sign on Post,119,DeKalb,,,-84.18393099999997,33.80688300000003
1595,1596,7342,903742,903742,W MOUNTAIN ST @ PINE ROC WAY,Sign on Post,119,DeKalb,,,-84.18139999999994,33.806921000000045
1596,1597,7380,903802,903802,7TH AVE@CHAPEL ST,Sign on Post,8,DeKalb,,,-84.25628199999994,33.786497000000054
1597,1598,7386,903820,903820,N INDIAN CREEK DR @ 449,Bench,125,DeKalb,,,-84.23548499999998,33.78834400000005
1598,1599,7387,903821,903821,N INDIAN CREEK DR @ MILLIGAN DR,Shelter,125,DeKalb,,,-84.23603699999995,33.79007900000005
1599,1600,7388,903822,903822,N INDIAN CREEK DR @ 555,Shelter,125,DeKalb,,,-84.23572899999994,33.79138800000004
1600,1601,7389,903823,903823,N INDIAN CREEK DR @ INDIAN CREEK LN,Sign on Post,125,DeKalb,,,-84.23609799999997,33.79382300000003
1601,1602,7391,903827,903827,E PONCE DE LEON AVE @ LAREDO DR,Shelter,120,DeKalb,,,-84.26898699999998,33.78522900000007
1602,1603,7394,903831,903831,W MOUNTAIN ST @ 5100,Simme Seat,119,DeKalb,,,-84.18031999999994,33.80694100000005
1603,1604,7395,903832,903832,W MOUNTAIN ST @ MEADOW ROCK DR,Sign on Post,119,DeKalb,,,-84.18325699999997,33.80703500000004
1604,1605,7396,903833,903833,MEMORIAL DR @ MOUNTAIN VIEW DR,Bench,119,DeKalb,,,-84.18710899999996,33.80620700000003
1605,1606,7409,903856,903856,GLENDALE RD @ BROWNELL AVE,Sign on Post,8,DeKalb,,,-84.25518999999997,33.78672000000006
1606,1607,7410,903857,903857,GLENDALE RD@BROWNELL AVE,Sign on Post,8,DeKalb,,,-84.25491099999994,33.786568000000045
1607,1608,7433,903888,903888,GLENDALE RD@HATTON DR,Sign on Post,8,DeKalb,,,-84.25415999999996,33.78714000000008
1608,1609,7434,903889,903889,GLENDALE RD @ N DECATUR RD,Sign on Post,8,DeKalb,,,-84.25262999999995,33.78944000000007
1609,1610,7439,903904,903904,DEKALB INDUSTRIAL WAY @ IRVIN WAY,Sign on Post,75,DeKalb,,,-84.27647599999995,33.78926800000005
1610,1611,7440,903905,903905,DEKALB INDUSTRIAL WAY @ 455,Sign on Post,75,DeKalb,,,-84.27607999999998,33.790166000000056
1611,1612,7441,903907,903907,N DECATUR RD @ 3799,Shelter,117,DeKalb,,,-84.23872899999998,33.785608000000025
1612,1613,7442,903908,903908,N INDIAN CREEK DR @ MEMORIAL COLLEGE AVE,Sign on Post,125,DeKalb,,,-84.23635699999994,33.796159000000046
1613,1614,7443,903910,903910,N INDIAN CREEK DR @ JAMISON PL,Shelter,125,DeKalb,,,-84.23838499999994,33.80204100000003
1614,1615,7444,903911,903911,N INDIAN CREEK DR @ DEBELLE ST,Shelter,125,DeKalb,,,-84.23881799999998,33.803796000000034
1615,1616,7447,903917,903917,W MOUNTAIN ST @ SEXTON DR,Shelter,119,DeKalb,,,-84.17845099999994,33.806448000000046
1616,1617,7466,903958,903958,CLAIREMONT AVE @ MAEDIRIS DR,Sign on Post,19,DeKalb,,,-84.30661799999996,33.78690700000004
1617,1618,7467,903959,903959,CLAIREMONT AVE @ CLAIRMONT RUN,Sign on Post,19,DeKalb,,,-84.30711399999996,33.78883700000006
1618,1619,7468,903960,903960,CLAIRMONT RD @ N DECATUR RD,Sign on Post,19,DeKalb,,,-84.30647399999998,33.79057400000005
1619,1620,7469,903961,903961,CLAIRMONT RD @ POWELL LN,Sign on Post,19,DeKalb,,,-84.30594699999995,33.791972000000044
1620,1621,7478,903996,903996,CLAIRMONT RD @ LADSON CT,Sign on Post,19,DeKalb,,,-84.30563999999998,33.79353200000003
1621,1622,7479,903997,903997,CLAIRMONT RD @ CLAIRMONT CIR,Sign on Post,19,DeKalb,,,-84.30570199999994,33.795195000000035
1622,1623,7480,903998,903998,CLAIRMONT RD @ STARVINE WAY,Shelter,19,Atlanta,,,-84.30705499999993,33.79832600000003
1623,1624,7484,904004,904004,N INDIAN CREEK DR @ 752,Shelter,125,DeKalb,,,-84.23704699999996,33.79801800000007
1624,1625,7485,904005,904005,N INDIAN CREEK DR @ MEMORIAL COLLEGE AVE,Shelter,125,DeKalb,,,-84.23646599999995,33.79583700000006
1625,1626,7486,904007,904007,N INDIAN CREEK DR @ INDIAN CREEK LN,Shelter,125,DeKalb,,,-84.23625099999998,33.793877000000066
1626,1627,7493,904015,904015,W MOUNTAIN ST @ RIDGE AVE,Sign on Post,119,DeKalb,,,-84.17206899999996,33.807904000000065
1627,1628,7494,904017,904017,E PONCE DE LEON AVE @ TUGGLE DR,Sign on Post,119,DeKalb,,,-84.17405699999995,33.81267200000008
1628,1629,7515,904067,904067,E PONCE DE LEON AVE @ LAREDO DR,Shelter,120,DeKalb,,,-84.26929699999994,33.78534200000007
1629,1630,7517,904070,904070,DEKALB INDUSTRIAL WAY @ N DECATUR RD,Shelter,75;123,DeKalb,,,-84.27649499999995,33.793900000000065
1630,1631,7518,904071,904071,N DECATUR RD @ DEKALB INDUSTRIAL WAY,Sign on Post,117,DeKalb,,,-84.27669799999995,33.79375200000004
1631,1632,7527,904090,904090,N INDIAN CREEK DR @ DEBELLE ST,Sign on Post,125,DeKalb,,,-84.23901299999994,33.80394800000005
1632,1633,7528,904091,904091,N INDIAN CREEK DR @ JAMISON PL,Bench,125,DeKalb,,,-84.23856899999998,33.80224700000008
1633,1634,7529,904092,904092,N INDIAN CREEK DR @ 555,Shelter,125,DeKalb,,,-84.23588399999994,33.79157600000008
1634,1635,7530,904093,904093,N INDIAN CREEK DR @ MILLIGAN DR,Shelter,125,DeKalb,,,-84.23611399999999,33.79025100000007
1635,1636,7531,904094,904094,N INDIAN CREEK DR @ DIAL DR,Shelter,125,DeKalb,,,-84.23604099999994,33.78686800000003
1636,1637,7536,904102,904102,W MOUNTAIN ST @ SEXTON DR,Shelter,119,DeKalb,,,-84.17806799999994,33.80651800000004
1637,1638,7539,904105,904105,W MOUNTAIN ST @ RIDGE AVE,Sign on Post,119,DeKalb,,,-84.17215199999998,33.80809100000005
1638,1639,7564,904159,904159,DEKALB INDUSTRIAL WAY @ STRATFORD CMNS,Shelter,75,DeKalb,,,-84.27634399999994,33.79244100000005
1639,1640,7565,904160,904160,DEKALB INDUSTRIAL WAY @ STRATFORD CMNS,Bench,75,DeKalb,,,-84.27602899999994,33.791833000000054
1640,1641,7578,904179,904179,N INDIAN CREEK DR @ DIAL DR,Shelter,125,DeKalb,,,-84.23611899999997,33.78654000000006
1641,1642,7579,904180,904180,N DECATUR RD @ N INDIAN CREEK DR,Shelter,117,DeKalb,,,-84.23794599999997,33.78569700000003
1642,1643,7584,904186,904186,N DECATUR RD @ 3770,Bench,117,DeKalb,,,-84.24115799999998,33.78585800000008
1643,1644,7588,904190,904190,MEMORIAL DR @ ROCKBRIDGE RD,Shelter,121,DeKalb,,,-84.23441099999997,33.786204000000055
1644,1645,7589,904191,904191,MEMORIAL DR @ ROCKBRIDGE RD,Sign Strapped to Pole,121,DeKalb,,,-84.23478199999994,33.78512200000006
1645,1646,7590,904192,904192,DEKALB INDUSTRIAL WAY @ IRVIN WAY,Sign on Post,75,DeKalb,,,-84.27640299999996,33.78835800000007
1646,1647,7591,904194,904194,N DECATUR RD @ GIFFORD DR,Sign on Post,8;117,DeKalb,,,-84.25827799999996,33.791949000000045
1647,1648,7592,904195,904195,N DECATUR RD @ GLENDALE RD,Sign on Post,8;117,DeKalb,,,-84.25275499999998,33.78976200000005
1648,1649,7593,904196,904196,N DECATUR RD @ CREEKVIEW CT,Sign on Post,117,DeKalb,,,-84.24997099999996,33.788820000000044
1649,1650,7594,904197,904197,N DECATUR RD @ NORTHERN AVE,Sign on Post,117,DeKalb,,,-84.24710999999996,33.787149000000056
1650,1651,7596,904204,904204,MAIN ST @ W MOUNTAIN ST,Sign Strapped to Pole,119,DeKalb,,,-84.17068599999999,33.80828500000007
1651,1652,7605,904224,904224,MEMORIAL DR @ GEORGIA PIEDMONT TECH COLLEGE DR,Shelter,121;221,DeKalb,,,-84.23229899999995,33.78805600000004
1652,1653,7606,904225,904225,MEMORIAL DR@DOYAL MILLS CT,Sign Strapped to Pole,121,DeKalb,,,-84.22617699999995,33.79459500000007
1653,1654,7611,904249,904249,DEKALB INDUSTRIAL WAY @ 375,Sign on Post,75,DeKalb,,,-84.27662999999995,33.78643600000004
1654,1655,7612,904250,904250,DEKALB INDUSTRIAL WAY @ RIMINGTON LN,Sign on Post,75,DeKalb,,,-84.27644599999996,33.785326000000055
1655,1656,7613,904251,904251,N DECATUR RD @ JORDAN LN,Sign on Post,117,DeKalb,,,-84.27181799999994,33.793675000000064
1656,1657,7615,904253,904253,N DECATUR RD @ NORTHERN AVE,Sign on Post,117,DeKalb,,,-84.24551499999995,33.78649900000005
1657,1658,7616,904257,904257,VIRGINIA AVE NE@MARYLAND AVE NE,Sign on Post,36,Atlanta,,,-84.35688099999999,33.78217200000006
1658,1659,7617,904259,904259,2ND AVE @ BEATY PL,Sign on Post,34,DeKalb,,,-84.31058199999995,33.756939000000045
1659,1660,7618,904260,904260,COMMERCE DR @ E COLLEGE AVE,Sign on Post,114,DeKalb,,,-84.28759999999994,33.77219000000008
1662,1663,7621,904266,904266,E PONCE DE LEON AVE @ 2995,Sign on Post,120,DeKalb,,,-84.27153799999996,33.78418300000004
1663,1664,7622,904268,904268,JOSEPH E LOWERY BLVD NW @ WHEELER ST NW,Sign on Post,1,Atlanta,,,-84.41730499999994,33.77403900000007
1664,1665,7623,904269,904269,N HIGHLAND AVE NE @ LOS ANGELES AVE,Sign on Post,36;816,Atlanta,,,-84.35468499999996,33.783900000000074
1665,1666,7624,904270,904270,N HIGHLAND AVE NE @ ADAIR AVE NE,Sign on Post,816,Atlanta,,,-84.35355299999998,33.78031100000004
1666,1667,7625,904271,904271,N HIGHLAND AVE @ NORTH AVE,Sign on Post,102;816,Atlanta,,,-84.35229799999996,33.770857000000035
1667,1668,7626,904272,904272,N HIGHLAND AVE NE @ BLUE RIDGE AVE,Sign on Post,102;816,Atlanta,,,-84.35232499999995,33.77217100000007
1668,1669,7627,904273,904273,N HIGHLAND AVE @ PONCE DE LEON AVE,Sign on Post,816,Atlanta,,,-84.35234099999997,33.77364000000006
1669,1670,7628,904274,904274,N HIGHLAND AVE NE @ ST CHARLES PL,Sign on Post,816,Atlanta,,,-84.35238599999997,33.77515400000004
1670,1671,7629,904277,904277,COMMERCE DR @ CLAIREMONT AVE,Sign on Post,36;123,DeKalb,,,-84.29676899999998,33.77781100000004
1671,1672,7630,904278,904278,COMMERCE DR @ W HOWARD AVE,Sign on Post,19,DeKalb,,,-84.29956999999996,33.76919000000004
1672,1673,7633,904284,904284,NORTH AVE @ CENTENNIAL OLYMPIC PARK DR,Sign Strapped to Pole,50;51,Atlanta,,,-84.39255399999996,33.77124600000008
1673,1674,7634,904285,904285,10TH ST@HOLLY ST,Sign on Post,12,Atlanta,,,-84.39646699999997,33.78152800000004
1674,1675,7635,904286,904286,10TH ST NW@FOWLER ST NW,Sign Strapped to Pole,12,Atlanta,,,-84.39332399999995,33.78146700000008
1675,1676,7636,904287,904287,10TH ST NW@HOLLY ST NW,Sign on Post,12,Atlanta,,,-84.39570999999995,33.781484000000034
1676,1677,7637,904289,904289,BRIARCLIFF RD@939,Sign on Post,6,DeKalb,,,-84.34442599999994,33.78025400000007
1677,1678,7641,904293,904293,PONCE DE LEON AVE @ OAKDALE RD NE,Sign Strapped to Pole,2,Atlanta,,,-84.34135599999996,33.77520000000004
1678,1679,7642,904294,904294,PONCE DE LEON AVE @ LULLWATER RD NE,Sign on Post,2,Atlanta,,,-84.33659699999998,33.77406000000008
1679,1680,7643,904295,904295,PEACHTREE ST @ 4TH ST NE,Sign Strapped to Pole,40,Atlanta,,,-84.38473699999997,33.77497800000003
1680,1681,7644,904296,904296,PEACHTREE ST NE @ 6TH ST NE,Sign on Post,40,Atlanta,,,-84.38437699999997,33.77727300000004
1681,1682,7645,904297,904297,PEACHTREE ST NE @ 7TH ST NE,Sign Strapped to Pole,40,Atlanta,,,-84.38426199999998,33.77835700000003
1682,1683,7646,904298,904298,PEACHTREE ST NE @ 8TH ST NE,Sign Strapped to Pole,40,Atlanta,,,-84.38428199999998,33.77965100000006
1683,1684,7647,904299,904299,PONCE DE LEON AVE NE @ DURANT PL NE,Simme Seat,2,Atlanta,,,-84.37536299999994,33.772257000000025
1684,1685,7648,904300,904300,PONCE DE LEON AVE NE @ PARKWAY DR NE,Shelter,2,Atlanta,,,-84.37329699999998,33.772920000000056
1685,1686,7649,904301,904301,PONCE DE LEON AVE NE @ BOULEVARD  NE,Sign on Post,2,Atlanta,,,-84.37101399999995,33.77354800000006
1686,1687,7650,904302,904302,PONCE DE LEON AVE NE @ KENNESAW AVE NE,Sign on Post,2;102,Atlanta,,,-84.36966599999994,33.77378100000004
1687,1688,7651,904307,904307,PONCE DE LEON AVE NE@GLEN IRIS DR NE,Sign on Post,2;102,Atlanta,,,-84.36782799999997,33.773273000000074
1688,1689,7652,904308,904308,PONCE DE LEON AVE NE @ 675,Shelter,2;102,Atlanta,,,-84.36580799999996,33.77330800000004
1689,1690,7654,904314,904314,NORTH AVE @ PENN AVE,Sign on Post,102;899,Atlanta,,,-84.37881399999998,33.77115700000007
1690,1691,7655,904315,904315,NORTH AVE @ PENN AVE,Sign on Post,102;899,Atlanta,,,-84.37902199999996,33.77136000000007
1691,1692,7656,904316,904316,PONCE DE LEON AVE NE @ PENN AVE NE,Sign on Post,2,Atlanta,,,-84.37953899999997,33.772595000000024
1692,1693,7657,904317,904317,CHARLES ALLEN DR@8TH ST,Sign on Post,36,Atlanta,,,-84.37296399999997,33.77980400000007
1695,1696,7662,904327,904327,10TH ST NW @ HEMPHILL AVE NW,Sign on Post,12,Atlanta,,,-84.40466299999997,33.78161200000005
1696,1697,7663,904333,904333,MARIETTA ST NW@MEANS ST NW,Sign on Post,26,Atlanta,,,-84.40348399999993,33.77316300000007
1697,1698,7664,904334,904334,MARIETTA ST NW@WALLACE ST NW,Sign on Post,26,Atlanta,,,-84.40176599999995,33.77228700000006
1698,1699,7665,904336,904336,N HIGHLAND AVE NE @ ROSEDALE DR,Sign on Post,816,Atlanta,,,-84.35337899999996,33.77974700000004
1699,1700,7666,904337,904337,N HIGHLAND AVE NE @ DREWRY ST,Sign on Post,816,Atlanta,,,-84.35293199999995,33.77849400000002
1700,1701,7667,904338,904338,N HIGHLAND AVE NE @ BRIARCLIFF PL,Sign on Post,816,Atlanta,,,-84.35259999999994,33.77697400000005
1701,1702,7668,904339,904339,N HIGHLAND AVE NE @ BLUE RIDGE AVE NE,Sign on Post,102;816,Atlanta,,,-84.35252799999995,33.77247100000005
1702,1703,7670,904342,904342,JOSEPH E BOONE BLVD @ ARCHER WAY NW,Sign on Post,51,Atlanta,,,-84.42347899999999,33.76348100000007
1703,1704,7671,904343,904343,JOSEPH E BOONE BLVD NW @ TEMPLE ST NW,Shelter,51,Atlanta,,,-84.42217699999998,33.76343700000007
1704,1705,7672,904344,904344,NORTH AVE NW @ TECH PKWY NW,Sign Strapped to Pole,50,Atlanta,,,-84.39589099999995,33.77140200000008
1705,1706,7673,904345,904345,NORTH AVE NW@STRONG ST NW,Sign on Post,50,Atlanta,,,-84.40276299999994,33.77010300000006
1706,1707,7674,904347,904347,NORTH AVE NW @ LUCKIE ST NW,Shelter,50,Atlanta,,,-84.39642999999995,33.771311000000026
1707,1708,7675,904349,904349,10TH ST NW @ WILLIAMS ST NW,Sign on Post,12,Atlanta,,,-84.38997999999998,33.781431000000055
1708,1709,7676,904350,904350,10TH ST NW @ TECHWOOD DR NW,Shelter,12,Atlanta,,,-84.39260599999994,33.78155700000008
1709,1710,7677,904357,904357,WINN WAY @ 341,Sign on Post,117,DeKalb,,,-84.27930699999996,33.784933000000024
1710,1711,7678,904365,904365,S CANDLER ST @ KIRK RD,Sign on Post,15,DeKalb,,,-84.29250299999995,33.76070100000004
1711,1712,7679,904370,904370,WINN WAY @ PINEHURST ST,Sign on Post,117,DeKalb,,,-84.27947999999998,33.78000000000003
1712,1713,7682,904383,904383,N HIGHLAND AVE NE @ BRIARCLIFF PL,Sign on Post,816,Atlanta,,,-84.35244199999994,33.777188000000024
1713,1714,7683,904384,904384,N HIGHLAND AVE NE @ HUDSON DR NE,Sign on Post,816,Atlanta,,,-84.35361799999998,33.78076800000008
1714,1715,7684,904385,904385,COMMERCE DR @ W PONCE DE LEON AVE,Shelter,19;36;123,DeKalb,,,-84.29879799999998,33.77534300000008
1715,1716,7687,904399,904399,BRIARCLIFF RD NE @ VIRGINIA AVE NE,Sign on Post,6,Atlanta,,,-84.34536599999996,33.77891800000003
1716,1717,7688,904400,904400,PONCE DE LEON AVE @ SPRINGDALE RD,Sign on Post,2,Atlanta,,,-84.34505799999994,33.77464700000007
1717,1718,7689,904401,904401,PONCE DE LEON AVE NE @ OAKDALE RD NE,Sign Strapped to Pole,2,Atlanta,,,-84.34161099999994,33.77512200000007
1718,1719,7690,904402,904402,PONCE DE LEON AVE @ SPRINGDALE RD,Sign on Post,2,Atlanta,,,-84.34482599999996,33.77491800000007
1719,1720,7692,904409,904409,PONCE DE LEON AVE NE @ PONCE DE LEON PL,Sign on Post,2;102,Atlanta,,,-84.36340199999995,33.773649000000034
1720,1721,7693,904410,904410,PONCE DE LEON AVE NE @ BONAVENTURE AVE,Sign on Post,2;102,Atlanta,,,-84.36118299999998,33.77357900000004
1721,1722,7694,904412,904412,PONCE DE LEON AVE NE @ DURANT PL NE,Sign on Post,2,Atlanta,,,-84.37625499999996,33.77243600000003
1722,1723,7695,904413,904413,PONCE DE LEON AVE NE @ CHARLES ALLEN DR NE,Sign on Post,2,Atlanta,,,-84.37242899999995,33.77337300000005
1723,1724,7696,904414,904414,PONCE DE LEON AVE NE @ MONROE DR NE,Shelter,2,Atlanta,,,-84.37063599999999,33.773743000000024
1724,1725,7697,904415,904415,PONCE DE LEON AVE NE @ PONCE DE LEON CT,Sign on Post,2;102,Atlanta,,,-84.36804199999995,33.77366600000005
1725,1726,7702,904421,904421,HOWELL MILL RD NW @ 17TH ST,Sign on Post,12,Atlanta,,,-84.41198599999996,33.790316000000075
1726,1727,7703,904423,904423,MARIETTA ST @ PARK AVE WEST,Sign on Post,26,Atlanta,,,-84.39475099999999,33.759877000000074
1727,1728,7704,904428,904428,PONCE DE LEON AVE NE @ BARNETT ST NE,Sign on Post,2;102,Atlanta,,,-84.35850499999998,33.773975000000064
1728,1729,7705,904429,904429,PONCE DE LEON AVE NE @ FREEDOM PKY NE,Sign on Post,2;102,Atlanta,,,-84.35940099999993,33.77374000000003
1729,1730,7706,904436,904436,DONALD L HOLLOWELL PKWY @ PAINES AVE NW,Sign on Post,50,Atlanta,,,-84.41422699999998,33.77298500000006
1730,1731,7707,904439,904439,MARIETTA ST NW@WALLACE ST NW,Sign on Post,26,Atlanta,,,-84.40148199999999,33.77225200000004
1731,1732,7708,904440,904440,MARIETTA ST NW@MEANS ST NW,Shelter,26,Atlanta,,,-84.40308099999999,33.773172000000045
1732,1733,7712,904451,904451,E COLLEGE AVE @ NEW ST,Sign on Post,114,DeKalb,,,-84.28512899999998,33.77362400000004
1733,1734,7714,904462,904462,PONCE DE LEON AVE NE @ BRIARCLIFF RD,Shelter,2,Atlanta,,,-84.34924499999994,33.77392100000003
1734,1735,7715,904463,904463,PONCE DE LEON AVE NE @ MORELAND AVE NE,Sign on Post,2,Atlanta,,,-84.34918599999997,33.77372800000006
1736,1737,7717,904465,904465,E PONCE DE LEON AVE @ 2942,Sign on Post,120,DeKalb,,,-84.27309799999995,33.782917000000054
1737,1738,7718,904466,904466,E PONCE DE LEON AVE @ DEKALB INDUSTRIAL WAY,Sign on Post,120,DeKalb,,,-84.27438199999995,33.78130600000003
1738,1739,7719,904467,904467,E PONCE DE LEON AVE @ 2818,Sign on Post,120,DeKalb,,,-84.27597799999995,33.77954100000005
1739,1740,7723,904476,904476,VIRGINIA AVE NE @ ARCADIA ST NE,Sign on Post,36,Atlanta,,,-84.36083199999996,33.781994000000054
1740,1741,7724,904480,904480,N HIGHLAND AVE @ VIRGINIA AVE,Sign on Post,36;816,Atlanta,,,-84.35451499999994,33.782677000000035
1741,1742,7725,904481,904481,N HIGHLAND AVE N@SAINT CHARLES AVE,Sign Strapped to Pole,816,Atlanta,,,-84.35264199999995,33.775618000000065
1742,1743,7726,904482,904482,N HIGHLAND AVE @ NORTH AVE,Sign on Post,102;816,Atlanta,,,-84.35255999999998,33.77111000000008
1743,1744,7727,904483,904483,N HIGHLAND AVE N@VIRGINIA AVE,Sign on Post,816,Atlanta,,,-84.35414199999997,33.781719000000066
1744,1745,7728,904485,904485,E LAKE DR @ FAYETTEVILLE RD,Sign on Post,823,DeKalb,,,-84.30270799999994,33.75886600000007
1745,1746,7729,904486,904486,E LAKE DR@UNDERWOOD ST,Sign on Post,823,DeKalb,,,-84.30175799999995,33.75757600000003
1746,1747,7730,904487,904487,E LAKE DR@SPRING ST,Sign on Post,823,DeKalb,,,-84.30173499999995,33.75629800000007
1747,1748,7737,904508,904508,10TH ST NE @ ARGONNE AVE NE,Sign on Post,36,Atlanta,,,-84.37744599999996,33.78175300000004
1748,1749,7738,904509,904509,VIRGINIA AVE NE @ 630,Sign on Post,36,Atlanta,,,-84.36663599999997,33.78155100000004
1749,1750,7739,904510,904510,PONCE DE LEON AVE NE @ ARGONNE AVE NE,Sign on Post,2,Atlanta,,,-84.37757899999997,33.77263300000004
1750,1751,7740,904512,904512,PONCE DE LEON AVE NE @ 680,Shelter,2;102,Atlanta,,,-84.36527299999995,33.77344500000004
1751,1752,7741,904513,904513,BOULEVARD NE @ NORTH AVE NE,Sign on Post,809,Atlanta,,,-84.37190999999996,33.77086900000006
1752,1753,7743,904521,904521,MARIETTA ST@615,Sign on Post,26,Atlanta,,,-84.39848899999998,33.76905800000003
1753,1754,7744,904523,904523,MARIETTA ST@HOWELL MILL RD,Sign on Post,26,Atlanta,,,-84.40955699999995,33.77852900000005
1754,1755,7745,904526,904526,BRIARCLIFF RD NE@BRIARCLIFF PL NE,Sign on Post,6,Atlanta,,,-84.34749599999998,33.77669100000003
1755,1756,7746,904527,904527,PONCE DE LEON AVE NE @ PONCE DE LEON PL,Shelter,2;102,Atlanta,,,-84.36361999999997,33.77369900000008
1756,1757,7747,904528,904528,PONCE DE LEON AVE NE @ BONAVENTURE AVE,Sign on Post,2;102,Atlanta,,,-84.36065699999995,33.773960000000045
1757,1758,7748,904529,904529,PONCE DE LEON AVE NE @ FREDERICA ST NE,Sign on Post,2;102,Atlanta,,,-84.35580799999997,33.77374100000003
1758,1759,7749,904530,904530,PONCE DE LEON AVE NE @ N HIGHLAND AVE NE,Simme Seat,2,Atlanta,,,-84.35197399999998,33.77376000000004
1759,1760,7750,904531,904531,PONCE DE LEON AVE NE @ FREDERICA ST NE,Shelter,2;102,Atlanta,,,-84.35550699999999,33.77394100000004
1760,1761,7751,904532,904532,PONCE DE LEON AVE @ N HIGHLAND AVE NE,Shelter,2,Atlanta,,,-84.35232199999996,33.77384900000004
1761,1762,7752,904533,904533,CHURCH ST @ 711,Sign on Post,36;123,DeKalb,,,-84.29476299999999,33.77882500000004
1762,1763,7753,904538,904538,MARIETTA ST NW@MCMILLAN ST NW,Sign on Post,26,Atlanta,,,-84.40619299999997,33.77458500000006
1763,1764,7754,904539,904539,MARIETTA ST NW @ NORTHSIDE DR NW,Shelter,26,Atlanta,,,-84.40690099999995,33.775792000000024
1764,1765,7755,904540,904540,MARIETTA ST NW @ HAMPTON ST,Sign on Post,26,Atlanta,,,-84.40806599999996,33.777161000000035
1765,1766,7756,904542,904542,N HIGHLAND AVE NE @ HIGHLAND VW NE,Sign on Post,816,Atlanta,,,-84.35287799999998,33.77877200000006
1766,1767,7757,904543,904543,BRIARCLIFF RD @SAINT CHARLES PL NE,Sign on Post,6,Atlanta,,,-84.34866799999998,33.775479000000075
1767,1768,7758,904544,904544,N HIGHLAND AVE NE @ DREWRY ST NE,Sign on Post,816,Atlanta,,,-84.35251899999997,33.777931000000024
1768,1769,7759,904546,904546,DONALD L HOLLOWELL PKWY @ SIMMONS ST,Sign on Post,50,Atlanta,,,-84.42022899999995,33.77315100000004
1769,1770,7764,904551,904551,PEACHTREE ST@14TH ST,Sign Strapped to Pole,40,Atlanta,,,-84.38299799999999,33.78609800000004
1770,1771,7765,904553,904553,NORTH AVE NW @ FOWLER ST,Sign on Post,50;51,Atlanta,,,-84.39362999999997,33.77133500000008
1771,1772,7766,904554,904554,NORTH AVE @ CHERRY ST,Sign Strapped to Pole,50;51,Atlanta,,,-84.39544599999994,33.77134200000006
1772,1773,7775,904576,904576,CHURCH ST @ LUCERNE ST,Sign on Post,36;123,DeKalb,,,-84.29395299999999,33.78363000000007
1773,1774,7776,904577,904577,CHURCH ST @ NORRIS ST,Sign on Post,36;123,DeKalb,,,-84.29278999999997,33.78486000000004
1774,1775,7777,904582,904582,CLAIREMONT AVE@HUNTER ST,Sign on Post,19,DeKalb,,,-84.29680199999996,33.77911900000004
1775,1776,7778,904587,904587,CLAIREMONT AVE@446,Sign on Post,19,DeKalb,,,-84.29725599999995,33.78002900000007
1776,1777,7779,904588,904588,CLAIREMONT AVE@PONCE DE LEON PL,Sign on Post,19,DeKalb,,,-84.29828599999996,33.78100200000006
1777,1778,7780,904589,904589,CLAIREMONT AVE@WILTON DR,Sign on Post,19,DeKalb,,,-84.29957999999993,33.78206600000004
1778,1779,7781,904590,904590,CLAIREMONT AVE@LAMONT DR,Sign on Post,19,DeKalb,,,-84.30087399999996,33.78281800000008
1779,1780,7782,904595,904595,N HIGHLAND AVE NE@ ROSEDALE DR,Sign on Post,816,Atlanta,,,-84.35328099999998,33.77972900000003
1780,1781,7784,904608,904608,WINN WAY @ PINEHURST ST,Sign on Post,117,DeKalb,,,-84.27938599999999,33.78027000000003
1781,1782,7785,904609,904609,WINN WAY @ COALTER WAY,Shelter,117,DeKalb,,,-84.27944899999994,33.78284800000006
1782,1783,7786,904610,904610,WINN WAY @ 320,Sign on Post,117,DeKalb,,,-84.27943699999997,33.784790000000044
1783,1784,7792,904621,904621,PEACHTREE ST @ 12TH ST NE,Sign Strapped to Pole,40,Atlanta,,,-84.38312499999995,33.78449800000004
1784,1785,7794,904625,904625,JOSEPH E LOWERY BLVD NW @ FOX ST NW,Sign on Post,1,Atlanta,,,-84.41744699999998,33.77198900000008
1785,1786,7795,904627,904627,JOSEPH E LOWERY BLVD NW @ THURMOND ST NW,Sign on Post,1,Atlanta,,,-84.41744099999994,33.76025500000003
1786,1787,7796,904628,904628,JOSEPH E LOWERY BLVD NW @ MAYSON TURNER RD NW,Sign on Post,1,Atlanta,,,-84.41756899999996,33.758080000000064
1787,1788,7797,904629,904629,JOSEPH E LOWERY BLVD NW @ MAGNOLIA ST NW,Sign on Post,1,Atlanta,,,-84.41748299999995,33.75842000000006
1788,1789,7798,904631,904631,MONROE DR NE @ 10TH ST NE,Sign on Post,809,Atlanta,,,-84.36884699999996,33.781498000000056
1789,1790,7799,904634,904634,MONROE DR NE @ SAINT CHARLES AVE NE,Sign on Post,809,Atlanta,,,-84.37059799999997,33.77519200000006
1790,1791,7800,904635,904635,MONROE DR NE @ PONCE DE LEON AVE NE,Shelter,809,Atlanta,,,-84.37083599999994,33.77422800000005
1791,1792,7801,904636,904636,BOULEVARD NE @ PONCE DE LEON AVE NE,Sign on Post,102;809,Atlanta,,,-84.37122499999998,33.77270900000008
1792,1793,7802,904637,904637,10TH ST NE @ TAFT AVE NE,Sign on Post,36,Atlanta,,,-84.37457499999994,33.781656000000055
1794,1795,7805,904644,904644,JOSEPH E LOWERY BLVD @ WHEELER ST,Sign on Post,1,Atlanta,,,-84.41740799999997,33.77433400000007
1795,1796,7806,904646,904646,DONALD L HOLLOWELL PKWY @ PAINES AVE,Sign on Post,50,Atlanta,,,-84.41436799999997,33.77305700000005
1796,1797,7807,904647,904647,DONALD L HOLLOWELL PKWY @ OLIVER ST,Sign on Post,50,Atlanta,,,-84.41540099999997,33.77306500000003
1797,1798,7808,904648,904648,DONALD L HOLLOWELL PKWY @ JOSEPH E LOWERY BLVD,Sign on Post,50,Atlanta,,,-84.41730399999994,33.77308100000005
1798,1799,7809,904652,904652,VIRGINIA AVE NE @ PONCE DE LEON PL NE,Sign on Post,36,Atlanta,,,-84.36361299999999,33.78166900000008
1799,1800,7810,904655,904655,E LAKE DR @ SPRING ST,Sign on Post,823,DeKalb,,,-84.30129199999999,33.756001000000026
1800,1801,7813,904660,904660,JOSEPH E BOONE BLVD @ JOSEPH E LOWERY BLVD,Sign on Post,51,Atlanta,,,-84.41666199999997,33.763566000000026
1801,1802,7815,904665,904665,BRADY AVE@HOWELL MILL RD,Shelter,12,Atlanta,,,-84.41259699999995,33.78368300000005
1802,1803,7816,904668,904668,10TH ST NW @ HEMPHILL AVE NW,Shelter,12,Atlanta,,,-84.40349599999996,33.78147800000005
1803,1804,7817,904669,904669,10TH ST @ IMAGE AVE,Sign on Post,12,Atlanta,,,-84.41016899999994,33.781581000000074
1804,1805,7818,904671,904671,PONCE DE LEON AVE NE @ JUNIPER ST NE,Simme Seat,2,Atlanta,,,-84.38314099999997,33.77254300000004
1805,1806,7819,904672,904672,PONCE DE LEON AVE NE @ PIEDMONT AVE NE,Shelter,2,Atlanta,,,-84.38141999999993,33.77267800000004
1806,1807,7820,904673,904673,PEACHTREE ST @ NORTH AVE,Sign Strapped to Pole,40,Atlanta,,,-84.38488799999999,33.77155400000004
1807,1808,7821,904680,904680,LUCKIE ST @ NORTH AVE,Sign on Post,51,Atlanta,,,-84.39587499999999,33.770759000000055
1808,1809,7822,904681,904681,LUCKIE ST @ NORTH AVE,Sign on Post,51,Atlanta,,,-84.39623699999999,33.77091000000007
1809,1810,7830,904695,904695,E PONCE DE LEON AVE @ 2995,Shelter,120,DeKalb,,,-84.27158499999996,33.784429000000046
1810,1811,7832,904698,904698,JOSEPH E LOWERY BLVD NW @ NORTH AVE NW,Bench,1,Atlanta,,,-84.41743099999997,33.77008300000006
1811,1812,7833,904701,904701,N HIGHLAND AVE NE @ LOS ANGELES AVE,Sign on Post,36;816,Atlanta,,,-84.35441299999997,33.78337200000004
1812,1813,7834,904702,904702,N HIGHLAND AVE NE @ GLEN ARDEN WAY,Sign on Post,36;816,Atlanta,,,-84.35484899999994,33.78496500000006
1813,1814,7835,904703,904703,VIRGINIA AVE @ BARNETT ST,Sign on Post,36,Atlanta,,,-84.35859699999997,33.78216200000003
1814,1815,7836,904704,904704,VIRGINIA AVE NE @ PARK DR NE,Sign on Post,36,Atlanta,,,-84.36342799999994,33.78176700000006
1815,1816,7837,904705,904705,CLAIREMONT AVE@GARDEN LN,Sign on Post,19,DeKalb,,,-84.30205899999999,33.78349900000006
1816,1817,7838,904706,904706,CLAIREMONT AVE @ SCOTT BLVD,Sign on Post,19,DeKalb,,,-84.30425299999996,33.784970000000044
1817,1818,7840,904709,904709,DONALD L HOLLOWELL PKWY @ ADDIE ST,Sign on Post,50,Atlanta,,,-84.41994299999999,33.77323300000006
1818,1819,7844,904716,904716,10TH ST@BRADY AVE,Sign on Post,12,Atlanta,,,-84.41319699999997,33.78162500000008
1819,1820,7845,904717,904717,10TH ST@BRADY AVE,Sign on Post,12,Atlanta,,,-84.41293599999995,33.78153100000003
1820,1821,7846,904726,904726,E LAKE DR @ UNDERWOOD ST,Sign on Post,823,DeKalb,,,-84.30141399999997,33.757532000000026
1821,1822,7847,904731,904731,10TH ST NW @ IMAGE AVE,Shelter,12,Atlanta,,,-84.41033599999997,33.78151400000007
1822,1823,7848,904737,904737,W HILL ST @ MCDONOUGH ST,Sign on Post,823,DeKalb,,,-84.29664599999995,33.75937300000004
1823,1824,7849,904738,904738,S MCDONOUGH ST@BENSON ST,Sign on Post,823,DeKalb,,,-84.29628799999995,33.760578000000066
1824,1825,7850,904739,904739,S MCDONOUGH ST@GREEN ST,Sign on Post,823,DeKalb,,,-84.29626499999995,33.762302000000034
1825,1826,7851,904740,904740,S MCDONOUGH ST@DAVIS ST,Sign on Post,823,DeKalb,,,-84.29621899999995,33.76299300000005
1826,1827,7852,904741,904741,CHURCH ST @ BELL ST,Sign on Post,36;123,DeKalb,,,-84.29488299999997,33.77974700000004
1827,1828,7853,904742,904742,COMMERCE DR @ BEAUMONT AVE,Sign on Post,19;36;123,DeKalb,,,-84.29868999999997,33.77749200000005
1828,1829,7854,904743,904743,COMMERCE DR @ W PONCE DE LEON AVE,Sign on Post,19;36;123,DeKalb,,,-84.29891799999996,33.77587200000005
1829,1830,7855,904744,904744,CLAIREMONT AVE @ WILLIAMS ST,Bench,19,DeKalb,,,-84.29642199999995,33.778973000000065
1830,1831,7856,904748,904748,JOSEPH E LOWERY BLVD NW @ JOSEPH E BOONE BLVD,Bench,1,Atlanta,,,-84.41754299999997,33.76296800000006
1831,1832,7857,904750,904750,JOSEPH E LOWERY BLVD NW @ JOSEPH E BOONE BLVD,Sign Strapped to Pole,1,Atlanta,,,-84.41742699999998,33.76337200000006
1832,1833,7858,904752,904752,MONROE DR NE @ GREENWOOD AVE NE,Sign on Post,809,Atlanta,,,-84.37036599999999,33.77700900000008
1833,1834,7859,904753,904753,MONROE DR NE @ COOLEDGE AVE NE,Sign on Post,809,Atlanta,,,-84.36836399999999,33.78249000000005
1834,1835,7860,904756,904756,MONROE DR NE @ GREENWOOD AVE NE,Sign on Post,809,Atlanta,,,-84.37023799999997,33.77677200000005
1835,1836,7861,904758,904758,8TH ST NE @ VEDADO WAY NE,Sign on Post,36,Atlanta,,,-84.37119099999995,33.779446000000064
1836,1837,7862,904759,904759,BRIARCLIFF RD@980,Sign on Post,6,DeKalb,,,-84.34446599999995,33.78055600000005
1837,1838,7863,904760,904760,LA FRANCE ST NE @ MARION PL NE,Sign on Post,102,Atlanta,,,-84.34496699999994,33.760523000000035
1838,1839,7864,904761,904761,LA FRANCE ST NE @ FLORA AVE NE,Sign on Post,102,Atlanta,,,-84.34397099999995,33.760151000000064
1839,1840,7865,904762,904762,LA FRANCE ST NE @ FLORA AVE NE,Sign on Post,102,Atlanta,,,-84.34376099999997,33.76040700000004
1840,1841,7866,904763,904763,DONALD L HOLLOWELL PKWY @ ECHO ST NW,Sign on Post,50,Atlanta,,,-84.41000599999995,33.773199000000034
1841,1842,7867,904765,904765,DONALD L HOLLOWELL PKWY @ JAMES P BRAWLEY DR,Sign on Post,50,Atlanta,,,-84.41278599999998,33.773131000000035
1842,1843,7868,904766,904766,DONALD L HOLLOWELL PKWY @ LINDSAY ST,Shelter,50,Atlanta,,,-84.41656499999993,33.773010000000056
1843,1844,7869,904767,904767,DONALD L HOLLOWELL PKWY @ OLIVER ST,Sign on Post,50,Atlanta,,,-84.41548799999998,33.77299300000004
1844,1845,7870,904769,904769,DONALD L HOLLOWELL PKWY @ JAMES P BRAWLEY DR,Sign on Post,50,Atlanta,,,-84.41181599999999,33.77301700000004
1845,1846,7871,904770,904770,VIRGINIA AVE NE@GREENCOVE AVE NE,Sign on Post,36,Atlanta,,,-84.36030699999998,33.78192900000005
1846,1847,7872,904771,904771,VIRGINIA AVE@BARNETT ST,Sign on Post,36,Atlanta,,,-84.35874099999995,33.78201900000005
1847,1848,7873,904772,904772,VIRGINIA AVE NE@TODD RD NE,Sign on Post,36,Atlanta,,,-84.35514999999998,33.78225000000003
1848,1849,7874,904777,904777,VIRGINIA AVE NE @ MARYLAND AVE NE,Sign on Post,36,Atlanta,,,-84.35670499999998,33.78233000000006
1849,1850,7875,904778,904778,JOSEPH E BOONE BLVD @ JOSEPH E LOWERY BLVD,Shelter,51,Atlanta,,,-84.41789999999997,33.76352700000007
1850,1851,7876,904779,904779,JOSEPH E BOONE BLVD @ CAIRO ST NW,Sign Strapped to Pole,51,Atlanta,,,-84.41954199999998,33.76354500000008
1851,1852,7879,904786,904786,10TH ST NW @ NORTHSIDE DR NW,Shelter,12,Atlanta,,,-84.40777699999995,33.78150100000005
1852,1853,7880,904787,904787,10TH ST@NORTHSIDE DR,Sign on Post,12,Atlanta,,,-84.40712999999994,33.78164000000004
1853,1854,7881,904788,904788,MARIETTA ST @ HOWELL MILL RD,Sign on Post,26,Atlanta,,,-84.40936999999997,33.77855400000004
1854,1855,7882,904789,904789,BRADY AVE @ HOWELL MILL RD,Sign on Post,12,Atlanta,,,-84.41253999999998,33.78367000000003
1856,1857,7885,904809,904809,MARION PL NE @ CAROLINE ST NE,Sign Strapped to Pole,102,Atlanta,,,-84.34518499999996,33.75851000000006
1857,1858,7886,904812,904812,MARION PL NE @ LA FRANCE ST NE,Sign on Post,102,Atlanta,,,-84.34500899999995,33.760204000000044
1858,1859,7887,904813,904813,LA FRANCE ST NE @ WHITEFOORD AVE NE,Sign on Post,102,Atlanta,,,-84.34211699999997,33.76024600000005
1859,1860,7888,904817,904817,S CANDLER ST @ MIDWAY RD,Sign on Post,15,DeKalb,,,-84.29138399999994,33.75794500000006
1860,1861,7889,904818,904818,S CANDLER ST @ BROWER ST,Sign on Post,15,DeKalb,,,-84.29153199999996,33.75635700000004
1861,1862,7890,904820,904820,N ARCADIA AVE @ E PONCE DE LEON AVE,Sign on Post,75;117,DeKalb,,,-84.28061999999994,33.77757500000007
1862,1863,7891,904824,904824,W TRINITY PL @ COMMERCE DR,Shelter,15;823,DeKalb,,,-84.29789699999998,33.77363400000007
1863,1864,7892,904825,904825,N MCDONOUGH ST @ E MAPLE ST,Sign on Post,823,DeKalb,,,-84.29663599999998,33.77182600000003
1864,1865,7893,904826,904826,N MCDONOUGH ST @ E MAPLE ST,Sign on Post,823,DeKalb,,,-84.29633699999994,33.77172000000007
1865,1866,7894,904827,904827,S MCDONOUGH ST@DOUGHERTY ST,Sign on Post,823,DeKalb,,,-84.29630099999997,33.76681300000007
1866,1867,7895,904828,904828,S MCDONOUGH ST@DOUGHERTY ST,Sign on Post,823,DeKalb,,,-84.29664599999995,33.76597200000003
1867,1868,7896,904829,904829,S MCDONOUGH ST@HANCOCK ST,Sign on Post,823,DeKalb,,,-84.29662099999996,33.76473600000003
1868,1869,7897,904830,904830,S MCDONOUGH ST@ W HANCOCK ST,Sign on Post,823,DeKalb,,,-84.29628699999995,33.76428900000008
1869,1870,7898,904832,904832,S MCDONOUGH ST @ E COLLEGE AVE,Sign on Post,823,DeKalb,,,-84.29648499999996,33.769660000000044
1870,1871,7899,904833,904833,S MCDONOUGH ST@ANSLEY ST,Sign on Post,823,DeKalb,,,-84.29631199999994,33.76787800000005
1871,1872,7900,904834,904834,S MCDONOUGH ST@ANSLEY ST,Sign on Post,823,DeKalb,,,-84.29656199999994,33.76758200000006
1872,1873,7901,904835,904835,S MCDONOUGH ST@DAVIS ST,Sign on Post,823,DeKalb,,,-84.29652699999997,33.76347300000003
1873,1874,7902,904836,904836,S MCDONOUGH ST@OAKVIEW RD,Sign on Post,823,DeKalb,,,-84.29651099999995,33.762560000000065
1874,1875,7903,904837,904837,JOSEPH E LOWERY BLVD NW @ NEAL ST NW,Sign on Post,1,Atlanta,,,-84.41748099999995,33.76644900000008
1875,1876,7904,904843,904843,E LAKE DR @ OAKVIEW RD,Sign on Post,823,DeKalb,,,-84.30299399999996,33.759277000000054
1876,1877,7905,904849,904849,S COLUMBIA DR @ TALLEY ST,Sign on Post,114,DeKalb,,,-84.28646999999995,33.76943300000005
1877,1878,7906,904850,904850,S COLUMBIA DR @ DERRYDOWN WAY,Sign on Post,114,DeKalb,,,-84.28488499999997,33.76807900000006
1878,1879,7908,904855,904855,W HILL ST @ OAKVIEW RD,Sign on Post,823,DeKalb,,,-84.30290299999996,33.75962700000008
1879,1880,7909,904856,904856,W HILL ST @ MCKOY ST,Sign on Post,823,DeKalb,,,-84.30037999999996,33.75962700000008
1880,1881,7910,904857,904857,CHURCH ST @ LUCERNE ST,Sign on Post,36;123,DeKalb,,,-84.29393999999996,33.78431000000006
1881,1882,7911,904858,904858,CHURCH ST @ GENEVA ST,Sign on Post,36;123,DeKalb,,,-84.29457999999994,33.78345000000007
1882,1883,7912,904859,904859,CHURCH ST @ 921,Sign on Post,36;123,DeKalb,,,-84.29496599999999,33.78072000000003
1883,1884,7913,904860,904860,COMMERCE DR @ CLAIREMONT AVE,Sign on Post,19;36;123,DeKalb,,,-84.29745299999996,33.77799600000003
1884,1885,7914,904861,904861,CLAIREMONT AVE @ 441,Sign on Post,19,DeKalb,,,-84.29706899999996,33.78018000000003
1885,1886,7921,904873,904873,JOSEPH E LOWERY BLVD NW @ NORTH AVE NW,Sign on Post,1,Atlanta,,,-84.41735499999999,33.76994000000008
1886,1887,7922,904875,904875,JOSEPH E LOWERY BLVD NW @ FOX ST NW,Sign on Post,1,Atlanta,,,-84.41733599999998,33.77212400000008
1887,1888,7924,904881,904881,VIRGINIA AVE NE@660,Sign on Post,36,Atlanta,,,-84.36575499999998,33.78155200000003
1888,1889,7925,904882,904882,MONROE DR NE @ 8TH ST NE,Shelter,36;809,Atlanta,,,-84.36937099999994,33.77995900000008
1889,1890,7926,904883,904883,8TH ST NE @ VEDADO WAY NE,Sign on Post,36,Atlanta,,,-84.37059499999998,33.779536000000064
1890,1891,7927,904884,904884,8TH ST NE @ CHARLES ALLEN DR NE,Sign on Post,36,Atlanta,,,-84.37230699999998,33.77954500000004
1891,1892,7931,904898,904898,ENGLISH AVE NW @ PELHAM ST NW,Sign on Post,50,Atlanta,,,-84.41339799999997,33.77122300000008
1892,1893,7932,904901,904901,MORELAND AVE NE@FAIRVIEW RD NE,Sign on Post,6,Atlanta,,,-84.34884999999997,33.77210000000008
1893,1894,7933,904902,904902,MORELAND AVE NE@BLUE RIDGE AVE NE,Sign on Post,6,Atlanta,,,-84.34909199999998,33.77249900000004
1894,1895,7934,904903,904903,S COLUMBIA DR @ MISSIONARY DR,Sign on Post,114,DeKalb,,,-84.28239499999995,33.76678400000003
1895,1896,7938,904917,904917,NORTH AVE @ PIEDMONT AVE,Sign Strapped to Pole,102;899,Atlanta,,,-84.38152099999996,33.771266000000026
1896,1897,7939,904923,904923,PEACHTREE ST @ 12TH ST,Sign Strapped to Pole,40,Atlanta,,,-84.38304899999997,33.78422100000006
1897,1898,7940,904924,904924,PEACHTREE ST NE @ 11TH ST NE,Sign Strapped to Pole,40,Atlanta,,,-84.38380499999994,33.78352000000007
1898,1899,7941,904925,904925,PEACHTREE ST NE @ PONCE DE LEON AVE,Sign Strapped to Pole,40,Atlanta,,,-84.38500299999998,33.772376000000065
1899,1900,7942,904929,904929,PEACHTREE ST @ 10TH ST,Sign Strapped to Pole,40,Atlanta,,,-84.38391199999995,33.78145200000006
1900,1901,7943,904930,904930,PEACHTREE ST NE @ 8TH ST NE,Sign Strapped to Pole,40,Atlanta,,,-84.38415399999997,33.779431000000045
1901,1902,7944,904931,904931,PEACHTREE ST @ 7TH ST,Sign Strapped to Pole,40,Atlanta,,,-84.38433899999995,33.77858100000003
1902,1903,7945,904932,904932,PEACHTREE ST NE @ 5TH ST NE,Sign Strapped to Pole,40,Atlanta,,,-84.38449999999995,33.77606600000007
1903,1904,7946,904938,904938,S CANDLER ST @ BUCHANAN TER,Sign on Post,15,DeKalb,,,-84.29133499999995,33.75901600000003
1904,1905,7947,904939,904939,S CANDLER ST @ BUCHANAN TER,Sign on Post,15,DeKalb,,,-84.29148799999996,33.759123000000045
1905,1906,7948,904940,904940,N ARCADIA AVE @ E PONCE DE LEON AVE,Sign on Post,75;117,DeKalb,,,-84.28027299999997,33.77665700000006
1906,1907,7949,904941,904941,E PONCE DE LEON AVE @ N ARCADIA AVE,Sign Strapped to Pole,120,DeKalb,,,-84.27853399999998,33.77712400000007
1907,1908,7950,904942,904942,CHURCH ST @ BELL ST,Sign on Post,36;123,DeKalb,,,-84.29474599999998,33.781288000000075
1908,1909,7951,904943,904943,W HOWARD AVE @ ADAIR ST,Sign on Post,19,DeKalb,,,-84.30696799999998,33.766932000000054
1909,1910,7952,904946,904946,JOSEPH E LOWERY BLVD NW @ NEAL ST NW,Sign on Post,1,Atlanta,,,-84.41738499999997,33.76700400000004
1911,1912,7954,904950,904950,BRIARCLIFF RD NE @ VIRGINIA AVE,Sign on Post,6,Atlanta,,,-84.34561199999996,33.778864000000056
1912,1913,7955,904951,904951,BRIARCLIFF RD NE@869,Sign on Post,6,Atlanta,,,-84.34633099999996,33.778156000000024
1913,1914,7956,904952,904952,BRIARCLIFF RD NE@869,Sign on Post,6,Atlanta,,,-84.34633099999996,33.778039000000035
1914,1915,7957,904953,904953,S MCDONOUGH ST@BENSON ST,Sign on Post,823,DeKalb,,,-84.29654699999998,33.76081500000004
1915,1916,7958,904954,904954,W HILL ST @ S MCDONOUGH ST,Sign on Post,823,DeKalb,,,-84.29728999999998,33.759836000000064
1916,1917,7959,904955,904955,W HILL ST @ MCKOY ST,Sign on Post,823,DeKalb,,,-84.30018499999994,33.759716000000026
1917,1918,7960,904956,904956,W HILL ST @ 317,Sign on Post,823,DeKalb,,,-84.30106399999994,33.759682000000055
1918,1919,7961,904957,904957,JOSEPH E LOWERY BLVD NW @ THURMOND ST NW,Sign on Post,1,Atlanta,,,-84.41752899999994,33.76043400000003
1919,1920,7962,904958,904958,JOSEPH E BOONE BLVD @ FLOWERS PL,Sign on Post,51,Atlanta,,,-84.42150099999998,33.76357200000007
1920,1921,7963,904960,904960,JOSEPH E BOONE BLVD @ ARCHER WAY NW,Shelter,51,Atlanta,1556.0,904960.0,-84.42431999999997,33.76357000000007
1921,1922,7968,904966,904966,NORTH AVE NW @ SPRING ST NW,Sign on Post,50;51,Atlanta,,,-84.38860899999997,33.77133100000003
1922,1923,7969,904967,904967,NORTH AVE NW @ TECHWOOD DR NW,Sign on Post,50;51,Atlanta,,,-84.39204299999994,33.771318000000065
1923,1924,7970,904968,904968,NORTH AVE NW @ FOWLER ST,Shelter,50;51,Atlanta,1557.0,904968.0,-84.39404699999994,33.77127500000006
1924,1925,7972,904977,904977,COLUMBIA DR @ TALLEY ST,Shelter,114,DeKalb,1558.0,904977.0,-84.28601299999997,33.76924100000008
1925,1926,7973,904978,904978,2ND AVE @ E LAKE DR,Sign on Post,34,DeKalb,,,-84.31058199999995,33.75985900000006
1926,1927,7974,904979,904979,2ND AVE @ BRYAN PL,Sign on Post,34,DeKalb,,,-84.31057599999997,33.75843000000003
1927,1928,7975,904980,904980,2ND AVE @ 342,Sign on Post,34,DeKalb,,,-84.31023399999998,33.75503500000008
1928,1929,7976,904988,904988,E TRINITY PL @ CHURCH ST,Sign on Post,15,DeKalb,,,-84.29479799999996,33.77273800000006
1929,1930,7977,904989,904989,S CANDLER ST @ COLLEGE AVE,Sign on Post,15,DeKalb,,,-84.29238899999996,33.77058400000004
1930,1931,7978,904990,904990,S CANDLER ST @ 184,Sign on Post,15,DeKalb,,,-84.29265799999996,33.76811000000004
1931,1932,7979,904991,904991,S CANDLER ST @ 206,Sign on Post,15,DeKalb,,,-84.29258199999998,33.76781500000004
1932,1933,7980,904992,904992,S CANDLER ST @ E DAVIS ST,Sign on Post,15,DeKalb,,,-84.29256199999998,33.763348000000065
1933,1934,7981,904993,904993,S CANDLER ST @ DAVIS ST,Sign on Post,15,DeKalb,,,-84.29231299999998,33.76302700000008
1934,1935,7982,904994,904994,S CANDLER ST @ KIRK RD,Sign on Post,15,DeKalb,,,-84.29260599999998,33.761254000000065
1935,1936,7983,904995,904995,S CANDLER ST @ MIDWAY RD,Sign on Post,15,DeKalb,,,-84.29119599999996,33.75761600000004
1936,1937,7986,905000,905000,MONROE DR NE @ VIRGINIA AVE NE,Shelter,36;809,Atlanta,1559.0,905000.0,-84.36911999999995,33.78000000000003
1937,1938,7987,905001,905001,VIRGINIA AVE NE@MONROE DR NE,Sign on Post,36,Atlanta,,,-84.36876699999993,33.780655000000024
1938,1939,7988,905006,905006,NORTH AVE @ HUNT ST,Shelter,102;899,Atlanta,1560.0,905006.0,-84.37488599999995,33.77111600000006
1939,1940,7989,905012,905012,10TH ST NW @ HIRSCH ST NW,Sign on Post,12,Atlanta,,,-84.40195599999998,33.78153800000007
1940,1941,7990,905017,905017,10TH ST NW @ STATE ST NW,Sign on Post,12,Atlanta,,,-84.39862999999997,33.78146000000004
1941,1942,7991,905018,905018,10TH ST NW @ STATE ST NW,Sign on Post,12,Atlanta,,,-84.39974999999998,33.78155400000003
1942,1943,7992,905019,905019,10TH ST NW @ GREENFIELD ST NW,Sign on Post,12,Atlanta,,,-84.40093599999994,33.781480000000045
1943,1944,7993,905020,905020,MORELAND AVE NE@PONCE DE LEON AVE N,Sign on Post,6,Atlanta,,,-84.34882399999998,33.77352900000005
1944,1945,7994,905021,905021,BRIARCLIFF RD NE @ PONCE DE LEON AVE,Sign on Post,6,Atlanta,,,-84.34908599999994,33.77398600000004
1945,1946,7995,905022,905022,BRIARCLIFF RD NE@SAINT LOUIS PL NE,Sign on Post,6,Atlanta,,,-84.34799499999997,33.776320000000055
1946,1947,7996,905023,905023,BRIARCLIFF RD NE@BRIARCLIFF PL NE,Sign on Post,6,Atlanta,,,-84.34738599999997,33.777090000000044
1947,1948,7997,905024,905024,N HIGHLAND AVE NE @ ST AUGUSTINE PL,Sign on Post,816,Atlanta,,,-84.35257199999995,33.77454700000004
1948,1949,8000,905034,905034,NORTH AVE @ PIEDMONT AVE,Simme Seat,102;899,Atlanta,,,-84.38223799999997,33.77144000000004
1949,1950,8001,905036,905036,PONCE DE LEON AVE NE @ PIEDMONT AVE,Sign on Post,2,Atlanta,,,-84.38185499999997,33.772451000000046
1950,1951,8004,905047,905047,NORTH AVE NE @ HUNT ST NE,Shelter,102;899,Atlanta,1561.0,905047.0,-84.37463999999994,33.77131200000008
1951,1952,8005,905049,905049,PONCE DE LEON AVE NE @ MYRTLE ST NE,Sign on Post,2,Atlanta,,,-84.37999499999995,33.77251400000006
1952,1953,8006,905050,905050,PONCE DE LEON  AVE NE @ ARGONNE AVE NE,Sign Strapped to Pole,2,Atlanta,,,-84.37714599999998,33.77249800000004
1953,1954,8007,905055,905055,CAROLINE ST @ MARION PL,Shelter,102,Atlanta,1562.0,905055.0,-84.34536499999996,33.75823500000007
1954,1955,8008,905066,905066,WINN WAY @ COALTER WAY,Shelter,117,DeKalb,1563.0,905066.0,-84.27932499999997,33.78300000000007
1955,1956,8009,905070,905070,W HILL ST @ OAKVIEW RD,Bench,823,DeKalb,382.0,905070.0,-84.30299699999995,33.759723000000065
1956,1957,8010,905074,905074,COMMERCE DR @ W TRINITY PL,Sign on Post,19,DeKalb,,,-84.29893099999998,33.772485000000074
1957,1958,8011,905075,905075,W HOWARD AVE @ GREENWOOD CIR,Sign on Post,19,DeKalb,,,-84.30295999999998,33.76814000000007
1958,1959,8012,905076,905076,COMMERCE DR @ ROBIN ST,Bench,19,DeKalb,383.0,905076.0,-84.29881499999999,33.77120300000007
1959,1960,8013,905079,905079,E PONCE DE LEON AVE @ GROVE PL,Bench,120,DeKalb,384.0,905079.0,-84.27920299999994,33.77674300000007
1960,1961,8014,905080,905080,W HOWARD AVE @ GREENWOOD CIR,Sign on Post,19,DeKalb,,,-84.30310199999997,33.767904000000044
1961,1962,8015,905081,905081,COMMERCE DR @ W HOWARD AVE,Sign on Post,19,DeKalb,,,-84.29942299999999,33.76953200000003
1962,1963,8019,905091,905091,COLUMBIA DR@INMAN DR,Bench,114,DeKalb,385.0,905091.0,-84.28031999999996,33.76540000000006
1963,1964,8020,905092,905092,COLUMBIA DR@MISSIONARY DR,Sign on Post,114,DeKalb,,,-84.28235599999994,33.76688200000007
1964,1965,8021,905093,905093,COLUMBIA DR@DERRYDOWN WAY,Sign on Post,114,DeKalb,,,-84.28412199999997,33.76812300000006
1965,1966,8022,905094,905094,2ND AVE @ BEATY PL,Sign on Post,34,DeKalb,,,-84.31044799999995,33.756519000000026
1966,1967,8023,905095,905095,2ND AVE @ BRYAN PL,Sign on Post,34,DeKalb,,,-84.31046299999997,33.758282000000065
1967,1968,8024,905096,905096,2ND AVE @ E LAKE DR,Sign on Post,34,DeKalb,,,-84.31047099999995,33.75962100000004
1968,1969,8025,905097,905097,E LAKE DR @ JOHNSTON PL,Sign on Post,34,DeKalb,,,-84.31112199999995,33.76111400000008
1969,1970,8029,905101,905101,CLAIREMONT AVE @ ERIE AVE,Sign on Post,19,DeKalb,,,-84.29815099999996,33.78127000000006
1970,1971,8030,905102,905102,CLAIREMONT AVE @ MICHIGAN AVE,Sign on Post,19,DeKalb,,,-84.29910499999994,33.78194300000007
1971,1972,8031,905103,905103,CLAIREMONT AVE @ GARDEN LN,Sign on Post,19,DeKalb,,,-84.30207099999996,33.78363500000006
1972,1973,8032,905104,905104,CLAIREMONT AVE@SCOTT BLVD,Sign on Post,19,DeKalb,,,-84.30369699999994,33.78483600000004
1973,1974,8033,905105,905105,S CANDLER ST @ E DOUGHERTY ST,Sign on Post,15,DeKalb,,,-84.29271299999994,33.76688400000006
1974,1975,8034,905106,905106,S CANDLER ST @ DOUGHERTY ST,Sign on Post,15,DeKalb,,,-84.29261499999996,33.76681200000007
1975,1976,8035,905107,905107,S CANDLER ST @ E HANCOCK ST,Sign on Post,15,DeKalb,,,-84.29271399999999,33.76454800000005
1976,1977,8036,905108,905108,S CANDLER ST @ HANCOCK ST,Sign on Post,15,DeKalb,,,-84.29246499999994,33.76417200000003
1977,1978,8041,905117,905117,E PONCE DE LEON AVE @ 2775,Sign on Post,120,DeKalb,,,-84.27613099999996,33.77871300000004
1978,1979,8042,905118,905118,E PONCE DE LEON AVE @ DEKALB INDUSTRIAL WAY,Sign on Post,120,DeKalb,,,-84.27442899999994,33.780895000000044
1979,1980,8043,905119,905119,E PONCE DE LEON AVE @ 2947,Sign on Post,120,DeKalb,,,-84.27284999999995,33.78288700000007
1980,1981,8044,905128,905128,NORTH AVE NE @ PARKWAY DR NE,Sign on Post,102;899,Atlanta,,,-84.37331499999993,33.771041000000025
1981,1982,8045,905129,905129,NORTH AVE NE @ BOULEVARD NE,Sign on Post,899,Atlanta,,,-84.37220599999995,33.771048000000064
1982,1983,8049,905142,905142,MARIETTA ST NW@HAMPTON ST NW,Sign on Post,26,Atlanta,,,-84.40851599999996,33.77724500000005
1983,1984,8050,905144,905144,MARIETTA ST NW @ BOSS ST NW,Sign on Post,26,Atlanta,,,-84.40608399999996,33.774306000000024
1984,1985,8051,905145,905145,BRIARCLIFF RD @SAINT CHARLES PL NE,Sign on Post,6,Atlanta,,,-84.34838599999995,33.77573000000007
1985,1986,8052,905146,905146,N HIGHLAND AVE NE @ VIRGINIA AVE NE,Sign on Post,816,Atlanta,,,-84.35411799999997,33.78212000000008
1986,1987,8053,905148,905148,E LAKE DR @ 3RD AVE,Sign on Post,34,DeKalb,,,-84.31103499999995,33.76297000000005
1987,1988,8054,905149,905149,E LAKE DR @ 3RD AVE,Sign on Post,34,DeKalb,,,-84.31117599999999,33.76326300000005
1988,1989,8059,905157,905157,JOSEPH E BOONE BLVD @ CAIRO ST NW,Sign on Post,51,Atlanta,,,-84.41994699999998,33.76344100000006
1989,1990,8060,905158,905158,JOSEPH E BOONE BLVD @ JOSEPH E LOWERY BLVD,Shelter,51,Atlanta,1568.0,905158.0,-84.41766899999999,33.76342600000004
1990,1991,8062,905161,905161,CENTENNIAL OLYMPIC PARK DR @ NORTH AVE NW,Sign Strapped to Pole,51,Atlanta,,,-84.39194399999997,33.77091500000006
1991,1992,8063,905162,905162,CENTENNIAL OLYMPIC PARK DR@NORTH AVE,Sign on Post,51,Atlanta,,,-84.39213999999998,33.77070000000003
1992,1993,8065,905172,905172,PIEDMONT RD NE @ 3525,Sign on Post,5,Atlanta,,,-84.37746999999996,33.84993600000007
1993,1994,8127,905289,905289,PIEDMONT RD NE @ TOWER PLACE DR,Shelter,5,Atlanta,1580.0,905289.0,-84.37264599999997,33.846358000000066
1994,1995,8194,905408,905408,PIEDMONT RD NE @ 3500,Bench,5,Atlanta,390.0,905408.0,-84.37708899999996,33.84961400000003
1995,1996,8195,905409,905409,PIEDMONT RD NE @ CARSON LN NE,Sign Strapped to Pole,5,Atlanta,,,-84.37418199999996,33.848452000000066
1996,1997,8196,905410,905410,PIEDMONT RD NE @ TOWER PLACE DR NE,Shelter,5,Atlanta,1592.0,905410.0,-84.37283099999996,33.84651000000002
1997,1998,8204,905422,905422,PEACHTREE RD NE @ MAPLE DR NE,Shelter,110,Atlanta,1594.0,905422.0,-84.37247299999996,33.84321700000004
1998,1999,8208,905429,905429,PIEDMONT RD NE @ PEACHTREE RD NE,Shelter,5,Atlanta,1595.0,905429.0,-84.37182899999993,33.84466700000007
1999,2000,8210,905432,905432,N DECATUR RD @ SUNSTEDE DR,Sign Strapped to Pole,36,DeKalb,,,-84.29093999999998,33.793691000000024
2000,2001,8211,905433,905433,N DECATUR RD @ SCOTT BLVD,Sign on Post,36,DeKalb,,,-84.29044099999999,33.79350600000004
2001,2002,8212,905434,905434,N DECATUR RD @ CHURCH ST,Bench,36,DeKalb,391.0,905434.0,-84.28566399999994,33.79233800000003
2002,2003,8213,905435,905435,N DECATUR RD @ WEBSTER DR,Sign on Post,36,DeKalb,,,-84.30422199999998,33.79040500000008
2003,2004,8214,905436,905436,N DECATUR RD @ CLAIRMONT RD,Simme Seat,36,DeKalb,,,-84.30713399999996,33.79064100000005
2004,2005,8215,905437,905437,N DECATUR RD @ PRINCETON WAY,Sign on Post,36,DeKalb,,,-84.31019199999997,33.79137700000007
2005,2006,8242,905505,905505,N DECATUR RD @ SCOTT BLVD,Bench,36,DeKalb,395.0,905505.0,-84.28916699999996,33.793225000000064
2006,2007,8253,905526,905526,PIEDMONT RD NE @ PEACHTREE RD NE,Shelter,5,Atlanta,1603.0,905526.0,-84.37180699999999,33.84439900000007
2007,2008,8265,905552,905552,N DECATUR RD @ BLACKMON DR,Shelter,36,DeKalb,1606.0,905552.0,-84.28834199999994,33.792812000000026
2008,2009,8266,905553,905553,N DECATUR RD @ PRINCETON WAY,Sign on Post,36,DeKalb,,,-84.31177999999994,33.79206000000005
2009,2010,8267,905554,905554,WINN WAY @ 440,Shelter,117,DeKalb,1607.0,905554.0,-84.27941399999997,33.78653500000007
2010,2011,8268,905555,905555,WINN WAY @ IRVIN WAY,Sign on Post,117,DeKalb,,,-84.27944599999995,33.78879100000006
2011,2012,8269,905556,905556,WINN WAY @ IRVIN WAY,Sign on Post,117,DeKalb,,,-84.27936999999997,33.78893400000004
2012,2013,8273,905561,905561,WINN WAY @ BILL THRASHER DR,Sign on Post,117,DeKalb,,,-84.27981999999997,33.78983000000005
2013,2014,8274,905562,905562,N DECATUR RD @ SUZANNE DR,Sign on Post,36,DeKalb,,,-84.29399599999994,33.793513000000075
2014,2015,8277,905565,905565,ROCKBRIDGE RD @ N INDIAN CREEK DR,Shelter,117,DeKalb,1610.0,905565.0,-84.23508399999997,33.78649800000005
2015,2016,8278,905566,905566,N INDIAN CREEK DR @ ROCKBRIDGE RD,Bench,125,DeKalb,399.0,905566.0,-84.23682599999995,33.785258000000056
2016,2017,8329,905669,905669,WINN WAY @ BILL THRASHER DR,Sign on Post,117,DeKalb,,,-84.27998899999994,33.789990000000046
2017,2018,8330,905670,905670,WINN WAY @ N DECATUR RD,Sign on Post,117,DeKalb,,,-84.28111999999999,33.79246000000006
2018,2019,8331,905671,905671,WINN WAY @ RUFUS EVANS DR,Shelter,117,DeKalb,1616.0,905671.0,-84.28077099999996,33.791656000000046
2019,2020,8332,905675,905675,N DECATUR RD @ 2806,Sign on Post,117;123,DeKalb,,,-84.27816999999999,33.79375600000003
2020,2021,8362,905741,905741,RUFUS EVANS DR @ SYCAMORE DR,Sign on Post,123;123,DeKalb,,,-84.28532899999999,33.79052100000007
2021,2022,8368,905753,905753,OLD MILTON PKWY @ HAYNES BRIDGE RD,Simme Seat,185,Fulton,,,-84.29208499999999,34.070858000000044
2022,2023,8384,905786,905786,SYCAMORE DR @ RUFUS EVANS DR,Sign on Post,123,DeKalb,,,-84.28542899999997,33.79046400000004
2023,2024,8385,905789,905789,CHURCH ST @ SYCAMORE DR,Shelter,36;123,DeKalb,1625.0,905789.0,-84.28677399999998,33.790478000000064
2024,2025,8386,905790,905790,CHURCH ST @ 1438,Shelter,36;123,DeKalb,1626.0,905790.0,-84.28768299999996,33.78956800000003
2025,2026,8387,905791,905791,CHURCH ST @ 1380,Sign on Post,36;123,DeKalb,,,-84.28935199999995,33.78830000000005
2026,2027,8388,905792,905792,MEMORIAL DR @ SPRING CHASE CIR,Shelter,121,DeKalb,1627.0,905792.0,-84.23037399999998,33.79017500000003
2027,2028,8389,905793,905793,MEMORIAL DR @ 4988 (GPTC - NORTH ENTRANCE),Shelter,121;221,DeKalb,1628.0,905793.0,-84.22958899999998,33.791397000000075
2028,2029,8390,905794,905794,ROCKBRIDGE RD @ S INDIAN CREEK DR,Shelter,117,DeKalb,1629.0,905794.0,-84.23151199999995,33.786726000000044
2029,2030,8391,905795,905795,N DECATUR RD @ 3770,Sign on Post,117,DeKalb,,,-84.24070799999998,33.78555600000004
2030,2031,8392,905796,905796,N INDIAN CREEK DR @ 751,Shelter,125,DeKalb,1630.0,905796.0,-84.23678499999994,33.797735000000046
2031,2032,8393,905797,905797,N INDIAN CREEK DR @ 819,Sign on Post,125,DeKalb,,,-84.23757099999995,33.799731000000065
2032,2033,8394,905799,905799,N INDIAN CREEK DR @ 450,Sign on Post,125,DeKalb,,,-84.23546299999998,33.78809400000006
2033,2034,8396,905801,905801,N INDIAN CREEK DR @ 816,Sign on Post,125,DeKalb,,,-84.23800599999998,33.800456000000054
2034,2035,8440,905888,905888,PEACHTREE RD NE @ STRATFORD RD NE,Sign on Post,110,Atlanta,,,-84.36654599999997,33.84829000000008
2037,2038,8443,905891,905891,PEACHTREE RD @ PIEDMONT RD,Shelter,110,Atlanta,1639.0,905891.0,-84.37144499999994,33.84345600000006
2038,2039,8456,905912,905912,CLAIREMONT AVE @ CLAIRMONT RUN,Sign on Post,19,DeKalb,,,-84.30679099999998,33.78810900000008
2039,2040,8457,905913,905913,CLAIRMONT RD @ N DECATUR RD,Shelter,19,DeKalb,1641.0,905913.0,-84.30658599999998,33.78945700000003
2040,2041,8458,905914,905914,CLAIRMONT RD @ POWELL LN,Sign on Post,19,DeKalb,,,-84.30594499999995,33.79139800000007
2041,2042,8459,905915,905915,CLAIRMONT RD @ LADSON CT,Shelter,19,DeKalb,1642.0,905915.0,-84.30558999999994,33.792530000000056
2042,2043,8463,905920,905920,ROCKBRIDGE RD @ N INDIAN CREEK DR,Sign on Post,125,DeKalb,,,-84.23747899999995,33.78461400000003
2043,2044,8464,905921,905921,N DECATUR RD @ 3711,Sign on Post,117,DeKalb,,,-84.24412299999995,33.78585400000003
2044,2045,8496,905984,905984,CHURCH ST @ MEDLOCK RD,Sign on Post,36;123,DeKalb,,,-84.29012699999998,33.78674500000005
2045,2046,8497,905985,905985,CHURCH ST @ GLENLAKE COMMONS DR,Sign on Post,36;123,DeKalb,,,-84.29164999999995,33.78580600000004
2046,2047,8498,905986,905986,CLAIREMONT AVE@MAEDIRIS DR,Sign on Post,19,DeKalb,,,-84.30599199999995,33.78651000000008
2047,2048,8511,906006,906006,PEACHTREE RD @ HIGHLAND DR,Sign Strapped to Pole,110,Atlanta,,,-84.36879099999999,33.84564100000006
2048,2049,8524,906029,906029,CLAIRMONT RD@CLAIRMONT CIR,Sign on Post,19,DeKalb,,,-84.30541099999994,33.79487400000005
2049,2050,8525,906030,906030,CLAIRMONT RD@DESMOND DR,Sign on Post,19,DeKalb,,,-84.30574199999995,33.79716700000006
2050,2051,8526,906031,906031,CLAIRMONT RD@STARVINE WAY,Sign on Post,19,DeKalb,,,-84.30712299999999,33.79860800000006
2051,2052,8528,906033,906033,DEKALB INDUSTRIAL WAY@MILSCOTT DR,Shelter,75;123,DeKalb,1651.0,906033.0,-84.27877099999995,33.796471000000054
2052,2053,8529,906034,906034,ROCKBRIDGE RD@ROCKBRIDGE TRL,Sign on Post,117,DeKalb,,,-84.23040799999995,33.78687300000007
2053,2054,8684,906292,906292,ROSWELL RD NE @ ALLEN RD NE,Shelter,5,Fulton,1681.0,906292.0,-84.37924199999998,33.91401700000006
2054,2055,8685,906293,906293,ROSWELL RD NE @ CARPENTER DR NE,Bench,5,Fulton,427.0,906293.0,-84.37923499999994,33.91528500000004
2055,2056,8686,906294,906294,ROSWELL RD NE @ HILDERBRAND DR NE,Shelter,5;87,Fulton,1682.0,906294.0,-84.37908999999996,33.92284300000006
2056,2057,8695,906303,906303,ROSWELL RD @ JOHNSON FERRY RD,Shelter,87,Fulton,1686.0,906303.0,-84.37911099999997,33.92519100000004
2057,2058,8696,906304,906304,ROSWELL RD NE @ CROMWELL RD NE,Sign on Post,87,Fulton,,,-84.37945599999995,33.92914200000007
2058,2059,8698,906307,906307,ROSWELL RD NE @ 5925,Shelter,5,Fulton,1687.0,906307.0,-84.37904099999997,33.91752200000008
2059,2060,8699,906308,906308,ROSWELL RD NE@HAMMOND DR NE,Sign on Post,5,Fulton,,,-84.37893899999995,33.91862400000008
2060,2061,8700,906309,906309,ROSWELL RD NE @ SANDY SPRINGS PL NE,Shelter,5;87,Fulton,1688.0,906309.0,-84.37891399999995,33.92005300000005
2061,2062,8705,906318,906318,N MAIN ST @ CUMMING ST,Sign on Post,141,Fulton,,,-84.29450499999996,34.07832000000008
2062,2063,8706,906320,906320,S MAIN ST @ JANIS LN,Shelter,185,Fulton,1690.0,906320.0,-84.29807799999998,34.069750000000056
2063,2064,8712,906326,906326,ROSWELL RD NE @ MT VERNON HWY NE,Sign on Post,5;87,Fulton,,,-84.37901399999998,33.92404300000004
2064,2065,8713,906327,906327,CHARLES ALLEN DR @ 10TH ST,Sign on Post,36,Atlanta,,,-84.37277999999998,33.78136100000006
2065,2066,8715,906330,906330,ROSWELL RD NE@JOHNSON FERRY RD NE,Sign on Post,87,Fulton,,,-84.37900899999994,33.92537400000003
2066,2067,8716,906331,906331,ROSWELL RD NE@SANDY SPRINGS CIR NE,Sign on Post,87,Fulton,,,-84.37905999999998,33.92717000000005
2067,2068,8717,906332,906332,ROSWELL RD NE @ VERNON WOODS DR NE,Shelter,87,Fulton,1692.0,906332.0,-84.37918999999994,33.92930800000005
2068,2069,8718,906333,906333,JOHNSON FERRY RD @ KAYRON DR,Sign on Post,5,Fulton,,,-84.37079699999998,33.92316200000005
2069,2070,8719,906334,906334,ROSWELL RD NE @ SANDY SPRINGS PL NE,Shelter,5,Fulton,1693.0,906334.0,-84.37904199999997,33.92010800000003
2070,2071,8725,906342,906342,MAIN ST@MAXWELL RD,Sign on Post,185,Fulton,,,-84.30110199999996,34.067867000000035
2071,2072,8735,906360,906360,ROSWELL RD NE @ 6509,Sign on Post,87,Fulton,,,-84.37971699999997,33.93441700000005
2072,2073,8736,906361,906361,ROSWELL RD NE @ CLIFTWOOD DR NE,Shelter,5,Fulton,1697.0,906361.0,-84.37923599999993,33.91624200000007
2073,2074,8737,906362,906362,MT VERNON HWY @ BOYLSTON DR,Sign on Post,5,Fulton,,,-84.37745699999994,33.92433500000004
2074,2075,8738,906363,906363,JOHNSON FERRY RD@KAYRON DR,Sign on Post,5,Fulton,,,-84.37064399999997,33.92303800000008
2075,2076,8759,907458,907458,RALPH D ABERNATHY BLVD @ POLLARD BLVD SW,Sign Strapped to Pole,832,Atlanta,,,-84.39023099999997,33.737036000000046
2077,2078,8764,907627,907627,RALPH D ABERNATHY BLVD @ MCDANIEL STSW,Sign on Post,40;832,Atlanta,,,-84.40226999999999,33.73714700000005
2078,2079,8765,907629,907629,RALPH D ABERNATHY BLVD @ HUMPHRIES ST SW,Sign on Post,40;155;832,Atlanta,,,-84.40491199999997,33.73651300000006
2079,2080,8766,907648,907648,RALPH D ABERNATHY BLVD @ IRA ST,Sign on Post,832,Atlanta,,,-84.39973899999995,33.73705400000006
2080,2081,8767,907666,907666,GEORGIA AVE SE @ GRANT ST SE,Sign Strapped to Pole,832,Atlanta,,,-84.37619899999999,33.736721000000045
2081,2082,8768,907683,907683,RALPH D ABERNATHY BLVD SW @ MCDANIEL ST SW,Sign on Post,832,Atlanta,,,-84.40135899999996,33.73692700000004
2082,2083,8769,907684,907684,RALPH DAVID ABERNATH BLVD@WINDSOR S,Sign on Post,49;832,Atlanta,,,-84.39791499999995,33.73686200000003
2083,2084,8770,907709,907709,WASHINGTON AVE @ EAST POINT ST,Sign on Post,84;181,Fulton,,,-84.44371699999994,33.67552200000006
